"FullName","Category","SubCat","Status"
"D:\01_사업_및_업무\디에스종합환경\AI_DATASET\안티그래피티 참고용 샘플자료\01_BLOOD_DEATH\고독사, 자살(부패액)\after\AFTER_STRIPPED\KakaoTalk_20251112_141647466_28.jpg","고독사, 자살(부패액)","after","AFTER_STRIPPED"
"D:\01_사업_및_업무\디에스종합환경\AI_DATASET\안티그래피티 참고용 샘플자료\01_BLOOD_DEATH\고독사, 자살(부패액)\after\AFTER_STRIPPED\KakaoTalk_20251112_141647466_23.jpg","고독사, 자살(부패액)","after","AFTER_STRIPPED"
"D:\01_사업_및_업무\디에스종합환경\AI_DATASET\안티그래피티 참고용 샘플자료\01_BLOOD_DEATH\고독사, 자살(부패액)\after\AFTER_STRIPPED\KakaoTalk_20251112_141647466_24.jpg","고독사, 자살(부패액)","after","AFTER_STRIPPED"
"D:\01_사업_및_업무\디에스종합환경\AI_DATASET\안티그래피티 참고용 샘플자료\01_BLOOD_DEATH\고독사, 자살(부패액)\after\AFTER_STRIPPED\KakaoTalk_20251112_141647466_25.jpg","고독사, 자살(부패액)","after","AFTER_STRIPPED"
"D:\01_사업_및_업무\디에스종합환경\AI_DATASET\안티그래피티 참고용 샘플자료\01_BLOOD_DEATH\고독사, 자살(부패액)\after\AFTER_STRIPPED\KakaoTalk_20251112_141647466_26.jpg","고독사, 자살(부패액)","after","AFTER_STRIPPED"
"D:\01_사업_및_업무\디에스종합환경\AI_DATASET\안티그래피티 참고용 샘플자료\01_BLOOD_DEATH\고독사, 자살(부패액)\after\AFTER_STRIPPED\KakaoTalk_20251112_141647466_27.jpg","고독사, 자살(부패액)","after","AFTER_STRIPPED"
"D:\01_사업_및_업무\디에스종합환경\AI_DATASET\안티그래피티 참고용 샘플자료\01_BLOOD_DEATH\고독사, 자살(부패액)\after\AFTER_STRIPPED\KakaoTalk_20250827_171012688.jpg","고독사, 자살(부패액)","after","AFTER_STRIPPED"
"D:\01_사업_및_업무\디에스종합환경\AI_DATASET\안티그래피티 참고용 샘플자료\01_BLOOD_DEATH\고독사, 자살(부패액)\after\AFTER_STRIPPED\KakaoTalk_20250827_171012688_01.jpg","고독사, 자살(부패액)","after","AFTER_STRIPPED"
"D:\01_사업_및_업무\디에스종합환경\AI_DATASET\안티그래피티 참고용 샘플자료\01_BLOOD_DEATH\고독사, 자살(부패액)\after\AFTER_STRIPPED\KakaoTalk_20250827_171012688_03.jpg","고독사, 자살(부패액)","after","AFTER_STRIPPED"
"D:\01_사업_및_업무\디에스종합환경\AI_DATASET\안티그래피티 참고용 샘플자료\01_BLOOD_DEATH\고독사, 자살(부패액)\after\AFTER_STRIPPED\KakaoTalk_20250827_171012688_04.jpg","고독사, 자살(부패액)","after","AFTER_STRIPPED"
"D:\01_사업_및_업무\디에스종합환경\AI_DATASET\안티그래피티 참고용 샘플자료\01_BLOOD_DEATH\고독사, 자살(부패액)\after\AFTER_STRIPPED\KakaoTalk_20250827_171012688_05.jpg","고독사, 자살(부패액)","after","AFTER_STRIPPED"
"D:\01_사업_및_업무\디에스종합환경\AI_DATASET\안티그래피티 참고용 샘플자료\01_BLOOD_DEATH\고독사, 자살(부패액)\after\AFTER_STRIPPED\KakaoTalk_20250309_215807825_09.jpg","고독사, 자살(부패액)","after","AFTER_STRIPPED"
"D:\01_사업_및_업무\디에스종합환경\AI_DATASET\안티그래피티 참고용 샘플자료\01_BLOOD_DEATH\고독사, 자살(부패액)\after\AFTER_STRIPPED\KakaoTalk_20250309_215759152_29.jpg","고독사, 자살(부패액)","after","AFTER_STRIPPED"
"D:\01_사업_및_업무\디에스종합환경\AI_DATASET\안티그래피티 참고용 샘플자료\01_BLOOD_DEATH\고독사, 자살(부패액)\after\AFTER_STRIPPED\KakaoTalk_20250309_215807825.jpg","고독사, 자살(부패액)","after","AFTER_STRIPPED"
"D:\01_사업_및_업무\디에스종합환경\AI_DATASET\안티그래피티 참고용 샘플자료\01_BLOOD_DEATH\고독사, 자살(부패액)\after\AFTER_STRIPPED\KakaoTalk_20250309_215807825_01.jpg","고독사, 자살(부패액)","after","AFTER_STRIPPED"
"D:\01_사업_및_업무\디에스종합환경\AI_DATASET\안티그래피티 참고용 샘플자료\01_BLOOD_DEATH\고독사, 자살(부패액)\after\AFTER_STRIPPED\KakaoTalk_20250309_215807825_02.jpg","고독사, 자살(부패액)","after","AFTER_STRIPPED"
"D:\01_사업_및_업무\디에스종합환경\AI_DATASET\안티그래피티 참고용 샘플자료\01_BLOOD_DEATH\고독사, 자살(부패액)\after\AFTER_STRIPPED\KakaoTalk_20250309_215807825_03.jpg","고독사, 자살(부패액)","after","AFTER_STRIPPED"
"D:\01_사업_및_업무\디에스종합환경\AI_DATASET\안티그래피티 참고용 샘플자료\01_BLOOD_DEATH\고독사, 자살(부패액)\after\AFTER_STRIPPED\KakaoTalk_20250309_215807825_04.jpg","고독사, 자살(부패액)","after","AFTER_STRIPPED"
"D:\01_사업_및_업무\디에스종합환경\AI_DATASET\안티그래피티 참고용 샘플자료\01_BLOOD_DEATH\고독사, 자살(부패액)\after\AFTER_STRIPPED\KakaoTalk_20250309_215807825_05.jpg","고독사, 자살(부패액)","after","AFTER_STRIPPED"
"D:\01_사업_및_업무\디에스종합환경\AI_DATASET\안티그래피티 참고용 샘플자료\01_BLOOD_DEATH\고독사, 자살(부패액)\after\AFTER_STRIPPED\KakaoTalk_20250309_215807825_06.jpg","고독사, 자살(부패액)","after","AFTER_STRIPPED"
"D:\01_사업_및_업무\디에스종합환경\AI_DATASET\안티그래피티 참고용 샘플자료\01_BLOOD_DEATH\고독사, 자살(부패액)\after\AFTER_STRIPPED\KakaoTalk_20250309_215807825_07.jpg","고독사, 자살(부패액)","after","AFTER_STRIPPED"
"D:\01_사업_및_업무\디에스종합환경\AI_DATASET\안티그래피티 참고용 샘플자료\01_BLOOD_DEATH\고독사, 자살(부패액)\after\AFTER_STRIPPED\KakaoTalk_20250309_215807825_08.jpg","고독사, 자살(부패액)","after","AFTER_STRIPPED"
"D:\01_사업_및_업무\디에스종합환경\AI_DATASET\안티그래피티 참고용 샘플자료\01_BLOOD_DEATH\고독사, 자살(부패액)\after\AFTER_STRIPPED\KakaoTalk_20251108_213255535_01.jpg","고독사, 자살(부패액)","after","AFTER_STRIPPED"
"D:\01_사업_및_업무\디에스종합환경\AI_DATASET\안티그래피티 참고용 샘플자료\01_BLOOD_DEATH\고독사, 자살(부패액)\after\AFTER_STRIPPED\KakaoTalk_20231005_125308087_17.jpg","고독사, 자살(부패액)","after","AFTER_STRIPPED"
"D:\01_사업_및_업무\디에스종합환경\AI_DATASET\안티그래피티 참고용 샘플자료\01_BLOOD_DEATH\고독사, 자살(부패액)\after\AFTER_STRIPPED\KakaoTalk_20251108_213255535.jpg","고독사, 자살(부패액)","after","AFTER_STRIPPED"
"D:\01_사업_및_업무\디에스종합환경\AI_DATASET\안티그래피티 참고용 샘플자료\01_BLOOD_DEATH\고독사, 자살(부패액)\before\KakaoTalk_20251112_141659540_13.jpg","01_BLOOD_DEATH","고독사, 자살(부패액)","before"
"D:\01_사업_및_업무\디에스종합환경\AI_DATASET\안티그래피티 참고용 샘플자료\01_BLOOD_DEATH\고독사, 자살(부패액)\before\KakaoTalk_20251112_141659540_14.jpg","01_BLOOD_DEATH","고독사, 자살(부패액)","before"
"D:\01_사업_및_업무\디에스종합환경\AI_DATASET\안티그래피티 참고용 샘플자료\01_BLOOD_DEATH\고독사, 자살(부패액)\before\KakaoTalk_20251112_141659540_15.jpg","01_BLOOD_DEATH","고독사, 자살(부패액)","before"
"D:\01_사업_및_업무\디에스종합환경\AI_DATASET\안티그래피티 참고용 샘플자료\01_BLOOD_DEATH\고독사, 자살(부패액)\before\KakaoTalk_20251112_141659540_16.jpg","01_BLOOD_DEATH","고독사, 자살(부패액)","before"
"D:\01_사업_및_업무\디에스종합환경\AI_DATASET\안티그래피티 참고용 샘플자료\01_BLOOD_DEATH\고독사, 자살(부패액)\before\KakaoTalk_20251112_141659540_17.jpg","01_BLOOD_DEATH","고독사, 자살(부패액)","before"
"D:\01_사업_및_업무\디에스종합환경\AI_DATASET\안티그래피티 참고용 샘플자료\01_BLOOD_DEATH\고독사, 자살(부패액)\before\KakaoTalk_20251112_141659540_18.jpg","01_BLOOD_DEATH","고독사, 자살(부패액)","before"
"D:\01_사업_및_업무\디에스종합환경\AI_DATASET\안티그래피티 참고용 샘플자료\01_BLOOD_DEATH\고독사, 자살(부패액)\before\KakaoTalk_20251112_141659540_19.jpg","01_BLOOD_DEATH","고독사, 자살(부패액)","before"
"D:\01_사업_및_업무\디에스종합환경\AI_DATASET\안티그래피티 참고용 샘플자료\01_BLOOD_DEATH\고독사, 자살(부패액)\before\KakaoTalk_20251112_141659540_11.jpg","01_BLOOD_DEATH","고독사, 자살(부패액)","before"
"D:\01_사업_및_업무\디에스종합환경\AI_DATASET\안티그래피티 참고용 샘플자료\01_BLOOD_DEATH\고독사, 자살(부패액)\before\KakaoTalk_20251112_141659540_12.jpg","01_BLOOD_DEATH","고독사, 자살(부패액)","before"
"D:\01_사업_및_업무\디에스종합환경\AI_DATASET\안티그래피티 참고용 샘플자료\01_BLOOD_DEATH\고독사, 자살(부패액)\before\KakaoTalk_20251112_141647466_29.jpg","01_BLOOD_DEATH","고독사, 자살(부패액)","before"
"D:\01_사업_및_업무\디에스종합환경\AI_DATASET\안티그래피티 참고용 샘플자료\01_BLOOD_DEATH\고독사, 자살(부패액)\before\KakaoTalk_20251112_141659540_02.jpg","01_BLOOD_DEATH","고독사, 자살(부패액)","before"
"D:\01_사업_및_업무\디에스종합환경\AI_DATASET\안티그래피티 참고용 샘플자료\01_BLOOD_DEATH\고독사, 자살(부패액)\before\KakaoTalk_20250825_140322036_23.jpg","01_BLOOD_DEATH","고독사, 자살(부패액)","before"
"D:\01_사업_및_업무\디에스종합환경\AI_DATASET\안티그래피티 참고용 샘플자료\01_BLOOD_DEATH\고독사, 자살(부패액)\before\KakaoTalk_20250825_140322036_03.jpg","01_BLOOD_DEATH","고독사, 자살(부패액)","before"
"D:\01_사업_및_업무\디에스종합환경\AI_DATASET\안티그래피티 참고용 샘플자료\01_BLOOD_DEATH\고독사, 자살(부패액)\before\KakaoTalk_20250825_140322036_06.jpg","01_BLOOD_DEATH","고독사, 자살(부패액)","before"
"D:\01_사업_및_업무\디에스종합환경\AI_DATASET\안티그래피티 참고용 샘플자료\01_BLOOD_DEATH\고독사, 자살(부패액)\before\KakaoTalk_20250825_140322036_07.jpg","01_BLOOD_DEATH","고독사, 자살(부패액)","before"
"D:\01_사업_및_업무\디에스종합환경\AI_DATASET\안티그래피티 참고용 샘플자료\01_BLOOD_DEATH\고독사, 자살(부패액)\before\KakaoTalk_20250825_140322036_08.jpg","01_BLOOD_DEATH","고독사, 자살(부패액)","before"
"D:\01_사업_및_업무\디에스종합환경\AI_DATASET\안티그래피티 참고용 샘플자료\01_BLOOD_DEATH\고독사, 자살(부패액)\before\KakaoTalk_20250825_140322036_12.jpg","01_BLOOD_DEATH","고독사, 자살(부패액)","before"
"D:\01_사업_및_업무\디에스종합환경\AI_DATASET\안티그래피티 참고용 샘플자료\01_BLOOD_DEATH\고독사, 자살(부패액)\before\KakaoTalk_20250825_140322036_14.jpg","01_BLOOD_DEATH","고독사, 자살(부패액)","before"
"D:\01_사업_및_업무\디에스종합환경\AI_DATASET\안티그래피티 참고용 샘플자료\01_BLOOD_DEATH\고독사, 자살(부패액)\before\KakaoTalk_20250825_140322036_16.jpg","01_BLOOD_DEATH","고독사, 자살(부패액)","before"
"D:\01_사업_및_업무\디에스종합환경\AI_DATASET\안티그래피티 참고용 샘플자료\01_BLOOD_DEATH\고독사, 자살(부패액)\before\KakaoTalk_20250825_140322036_17.jpg","01_BLOOD_DEATH","고독사, 자살(부패액)","before"
"D:\01_사업_및_업무\디에스종합환경\AI_DATASET\안티그래피티 참고용 샘플자료\01_BLOOD_DEATH\고독사, 자살(부패액)\before\KakaoTalk_20250825_140322036_18.jpg","01_BLOOD_DEATH","고독사, 자살(부패액)","before"
"D:\01_사업_및_업무\디에스종합환경\AI_DATASET\안티그래피티 참고용 샘플자료\01_BLOOD_DEATH\고독사, 자살(부패액)\before\KakaoTalk_20250827_171002248_22.jpg","01_BLOOD_DEATH","고독사, 자살(부패액)","before"
"D:\01_사업_및_업무\디에스종합환경\AI_DATASET\안티그래피티 참고용 샘플자료\01_BLOOD_DEATH\고독사, 자살(부패액)\before\KakaoTalk_20250827_171002248_02.jpg","01_BLOOD_DEATH","고독사, 자살(부패액)","before"
"D:\01_사업_및_업무\디에스종합환경\AI_DATASET\안티그래피티 참고용 샘플자료\01_BLOOD_DEATH\고독사, 자살(부패액)\before\KakaoTalk_20250827_171002248_19.jpg","01_BLOOD_DEATH","고독사, 자살(부패액)","before"
"D:\01_사업_및_업무\디에스종합환경\AI_DATASET\안티그래피티 참고용 샘플자료\01_BLOOD_DEATH\고독사, 자살(부패액)\before\KakaoTalk_20250827_171002248_20.jpg","01_BLOOD_DEATH","고독사, 자살(부패액)","before"
"D:\01_사업_및_업무\디에스종합환경\AI_DATASET\안티그래피티 참고용 샘플자료\01_BLOOD_DEATH\고독사, 자살(부패액)\before\KakaoTalk_20250827_171002248_21.jpg","01_BLOOD_DEATH","고독사, 자살(부패액)","before"
"D:\01_사업_및_업무\디에스종합환경\AI_DATASET\안티그래피티 참고용 샘플자료\01_BLOOD_DEATH\고독사, 자살(부패액)\before\SUICIDE_METHOD_CO\KakaoTalk_20250309_215759152_12.jpg","고독사, 자살(부패액)","before","SUICIDE_METHOD_CO"
"D:\01_사업_및_업무\디에스종합환경\AI_DATASET\안티그래피티 참고용 샘플자료\01_BLOOD_DEATH\고독사, 자살(부패액)\before\SUICIDE_METHOD_CO\KakaoTalk_20250309_215759152_06.jpg","고독사, 자살(부패액)","before","SUICIDE_METHOD_CO"
"D:\01_사업_및_업무\디에스종합환경\AI_DATASET\안티그래피티 참고용 샘플자료\01_BLOOD_DEATH\고독사, 자살(부패액)\before\SUICIDE_METHOD_CO\KakaoTalk_20250309_215759152_07.jpg","고독사, 자살(부패액)","before","SUICIDE_METHOD_CO"
"D:\01_사업_및_업무\디에스종합환경\AI_DATASET\안티그래피티 참고용 샘플자료\01_BLOOD_DEATH\고독사, 자살(부패액)\before\SUICIDE_METHOD_CO\KakaoTalk_20250309_215759152_11.jpg","고독사, 자살(부패액)","before","SUICIDE_METHOD_CO"
"D:\01_사업_및_업무\디에스종합환경\AI_DATASET\안티그래피티 참고용 샘플자료\01_BLOOD_DEATH\고독사, 자살(부패액)\before\SUICIDE_METHOD_CO\KakaoTalk_20231005_125308087_02.jpg","고독사, 자살(부패액)","before","SUICIDE_METHOD_CO"
"D:\01_사업_및_업무\디에스종합환경\AI_DATASET\안티그래피티 참고용 샘플자료\01_BLOOD_DEATH\고독사, 자살(부패액)\before\SUICIDE_METHOD_CO\KakaoTalk_20231005_125308087_03.jpg","고독사, 자살(부패액)","before","SUICIDE_METHOD_CO"
"D:\01_사업_및_업무\디에스종합환경\AI_DATASET\안티그래피티 참고용 샘플자료\01_BLOOD_DEATH\고독사, 자살(부패액)\before\SUICIDE_METHOD_CO\KakaoTalk_20231005_125308087_04.jpg","고독사, 자살(부패액)","before","SUICIDE_METHOD_CO"
"D:\01_사업_및_업무\디에스종합환경\AI_DATASET\안티그래피티 참고용 샘플자료\01_BLOOD_DEATH\고독사, 자살(부패액)\before\SUICIDE_METHOD_CO\KakaoTalk_20231005_125308087_05.jpg","고독사, 자살(부패액)","before","SUICIDE_METHOD_CO"
"D:\01_사업_및_업무\디에스종합환경\AI_DATASET\안티그래피티 참고용 샘플자료\01_BLOOD_DEATH\고독사, 자살(부패액)\before\SUICIDE_METHOD_CO\KakaoTalk_20231005_125308087_08.jpg","고독사, 자살(부패액)","before","SUICIDE_METHOD_CO"
"D:\01_사업_및_업무\디에스종합환경\AI_DATASET\안티그래피티 참고용 샘플자료\01_BLOOD_DEATH\고독사, 자살(부패액)\before\SUICIDE_METHOD_CO\1.jpg","고독사, 자살(부패액)","before","SUICIDE_METHOD_CO"
"D:\01_사업_및_업무\디에스종합환경\AI_DATASET\안티그래피티 참고용 샘플자료\01_BLOOD_DEATH\고독사, 자살(부패액)\before\SUICIDE_METHOD_CO\123.jpg","고독사, 자살(부패액)","before","SUICIDE_METHOD_CO"
"D:\01_사업_및_업무\디에스종합환경\AI_DATASET\안티그래피티 참고용 샘플자료\01_BLOOD_DEATH\고독사, 자살(부패액)\before\SUICIDE_METHOD_CO\KakaoTalk_20231005_125308087_01.jpg","고독사, 자살(부패액)","before","SUICIDE_METHOD_CO"
"D:\01_사업_및_업무\디에스종합환경\AI_DATASET\안티그래피티 참고용 샘플자료\01_BLOOD_DEATH\고독사, 자살(부패액)\before\SUICIDE_METHOD_CO\KakaoTalk_20240407_083933584_02.jpg","고독사, 자살(부패액)","before","SUICIDE_METHOD_CO"
"D:\01_사업_및_업무\디에스종합환경\AI_DATASET\안티그래피티 참고용 샘플자료\01_BLOOD_DEATH\강력범죄현장 등(혈흔)\before\KakaoTalk_20230803_075410750_13.jpg","01_BLOOD_DEATH","강력범죄현장 등(혈흔)","before"
"D:\01_사업_및_업무\디에스종합환경\AI_DATASET\안티그래피티 참고용 샘플자료\01_BLOOD_DEATH\강력범죄현장 등(혈흔)\before\KakaoTalk_20230803_075410750_22.jpg","01_BLOOD_DEATH","강력범죄현장 등(혈흔)","before"
"D:\01_사업_및_업무\디에스종합환경\AI_DATASET\안티그래피티 참고용 샘플자료\01_BLOOD_DEATH\강력범죄현장 등(혈흔)\before\123.jpg","01_BLOOD_DEATH","강력범죄현장 등(혈흔)","before"
"D:\01_사업_및_업무\디에스종합환경\AI_DATASET\안티그래피티 참고용 샘플자료\01_BLOOD_DEATH\강력범죄현장 등(혈흔)\before\KakaoTalk_20230803_075410750_09.jpg","01_BLOOD_DEATH","강력범죄현장 등(혈흔)","before"
"D:\01_사업_및_업무\디에스종합환경\AI_DATASET\안티그래피티 참고용 샘플자료\01_BLOOD_DEATH\강력범죄현장 등(혈흔)\before\KakaoTalk_20230803_075410750_10.jpg","01_BLOOD_DEATH","강력범죄현장 등(혈흔)","before"
"D:\01_사업_및_업무\디에스종합환경\AI_DATASET\안티그래피티 참고용 샘플자료\01_BLOOD_DEATH\강력범죄현장 등(혈흔)\before\KakaoTalk_20230803_075410750_11.jpg","01_BLOOD_DEATH","강력범죄현장 등(혈흔)","before"
"D:\01_사업_및_업무\디에스종합환경\AI_DATASET\안티그래피티 참고용 샘플자료\01_BLOOD_DEATH\강력범죄현장 등(혈흔)\before\KakaoTalk_20240427_154936203_01.jpg","01_BLOOD_DEATH","강력범죄현장 등(혈흔)","before"
"D:\01_사업_및_업무\디에스종합환경\AI_DATASET\안티그래피티 참고용 샘플자료\01_BLOOD_DEATH\강력범죄현장 등(혈흔)\before\KakaoTalk_20240427_154936203_02.jpg","01_BLOOD_DEATH","강력범죄현장 등(혈흔)","before"
"D:\01_사업_및_업무\디에스종합환경\AI_DATASET\안티그래피티 참고용 샘플자료\01_BLOOD_DEATH\강력범죄현장 등(혈흔)\before\KakaoTalk_20240427_154909183_18.jpg","01_BLOOD_DEATH","강력범죄현장 등(혈흔)","before"
"D:\01_사업_및_업무\디에스종합환경\AI_DATASET\안티그래피티 참고용 샘플자료\01_BLOOD_DEATH\강력범죄현장 등(혈흔)\before\KakaoTalk_20240710_133021996_16.jpg","01_BLOOD_DEATH","강력범죄현장 등(혈흔)","before"
"D:\01_사업_및_업무\디에스종합환경\AI_DATASET\안티그래피티 참고용 샘플자료\01_BLOOD_DEATH\강력범죄현장 등(혈흔)\before\KakaoTalk_20240710_133021996.jpg","01_BLOOD_DEATH","강력범죄현장 등(혈흔)","before"
"D:\01_사업_및_업무\디에스종합환경\AI_DATASET\안티그래피티 참고용 샘플자료\01_BLOOD_DEATH\강력범죄현장 등(혈흔)\before\KakaoTalk_20240710_133021996_01.jpg","01_BLOOD_DEATH","강력범죄현장 등(혈흔)","before"
"D:\01_사업_및_업무\디에스종합환경\AI_DATASET\안티그래피티 참고용 샘플자료\01_BLOOD_DEATH\강력범죄현장 등(혈흔)\before\KakaoTalk_20240710_133021996_02.jpg","01_BLOOD_DEATH","강력범죄현장 등(혈흔)","before"
"D:\01_사업_및_업무\디에스종합환경\AI_DATASET\안티그래피티 참고용 샘플자료\01_BLOOD_DEATH\강력범죄현장 등(혈흔)\before\KakaoTalk_20240710_133021996_03.jpg","01_BLOOD_DEATH","강력범죄현장 등(혈흔)","before"
"D:\01_사업_및_업무\디에스종합환경\AI_DATASET\안티그래피티 참고용 샘플자료\01_BLOOD_DEATH\강력범죄현장 등(혈흔)\before\KakaoTalk_20240710_133021996_04.jpg","01_BLOOD_DEATH","강력범죄현장 등(혈흔)","before"
"D:\01_사업_및_업무\디에스종합환경\AI_DATASET\안티그래피티 참고용 샘플자료\01_BLOOD_DEATH\강력범죄현장 등(혈흔)\before\KakaoTalk_20240710_133021996_06.jpg","01_BLOOD_DEATH","강력범죄현장 등(혈흔)","before"
"D:\01_사업_및_업무\디에스종합환경\AI_DATASET\안티그래피티 참고용 샘플자료\01_BLOOD_DEATH\강력범죄현장 등(혈흔)\before\KakaoTalk_20240710_133021996_07.jpg","01_BLOOD_DEATH","강력범죄현장 등(혈흔)","before"
"D:\01_사업_및_업무\디에스종합환경\AI_DATASET\안티그래피티 참고용 샘플자료\01_BLOOD_DEATH\강력범죄현장 등(혈흔)\before\KakaoTalk_20240710_133021996_08.jpg","01_BLOOD_DEATH","강력범죄현장 등(혈흔)","before"
"D:\01_사업_및_업무\디에스종합환경\AI_DATASET\안티그래피티 참고용 샘플자료\01_BLOOD_DEATH\강력범죄현장 등(혈흔)\before\KakaoTalk_20240710_133021996_10.jpg","01_BLOOD_DEATH","강력범죄현장 등(혈흔)","before"
"D:\01_사업_및_업무\디에스종합환경\AI_DATASET\안티그래피티 참고용 샘플자료\01_BLOOD_DEATH\강력범죄현장 등(혈흔)\before\KakaoTalk_20240710_133021996_22.jpg","01_BLOOD_DEATH","강력범죄현장 등(혈흔)","before"
"D:\01_사업_및_업무\디에스종합환경\AI_DATASET\안티그래피티 참고용 샘플자료\01_BLOOD_DEATH\강력범죄현장 등(혈흔)\before\KakaoTalk_20240710_133021996_21.jpg","01_BLOOD_DEATH","강력범죄현장 등(혈흔)","before"
"D:\01_사업_및_업무\디에스종합환경\AI_DATASET\안티그래피티 참고용 샘플자료\01_BLOOD_DEATH\강력범죄현장 등(혈흔)\before\KakaoTalk_20250210_092547582_10.jpg","01_BLOOD_DEATH","강력범죄현장 등(혈흔)","before"
"D:\01_사업_및_업무\디에스종합환경\AI_DATASET\안티그래피티 참고용 샘플자료\01_BLOOD_DEATH\강력범죄현장 등(혈흔)\before\KakaoTalk_20250210_092547582_22.jpg","01_BLOOD_DEATH","강력범죄현장 등(혈흔)","before"
"D:\01_사업_및_업무\디에스종합환경\AI_DATASET\안티그래피티 참고용 샘플자료\01_BLOOD_DEATH\강력범죄현장 등(혈흔)\before\KakaoTalk_20250210_092547582_29.jpg","01_BLOOD_DEATH","강력범죄현장 등(혈흔)","before"
"D:\01_사업_및_업무\디에스종합환경\AI_DATASET\안티그래피티 참고용 샘플자료\01_BLOOD_DEATH\강력범죄현장 등(혈흔)\before\KakaoTalk_20250210_092547582_05.jpg","01_BLOOD_DEATH","강력범죄현장 등(혈흔)","before"
"D:\01_사업_및_업무\디에스종합환경\AI_DATASET\안티그래피티 참고용 샘플자료\01_BLOOD_DEATH\강력범죄현장 등(혈흔)\before\KakaoTalk_20240413_141840568_17.jpg","01_BLOOD_DEATH","강력범죄현장 등(혈흔)","before"
"D:\01_사업_및_업무\디에스종합환경\AI_DATASET\안티그래피티 참고용 샘플자료\01_BLOOD_DEATH\강력범죄현장 등(혈흔)\before\KakaoTalk_20240413_141840568_18.jpg","01_BLOOD_DEATH","강력범죄현장 등(혈흔)","before"
"D:\01_사업_및_업무\디에스종합환경\AI_DATASET\안티그래피티 참고용 샘플자료\01_BLOOD_DEATH\강력범죄현장 등(혈흔)\before\KakaoTalk_20240413_141840568_19.jpg","01_BLOOD_DEATH","강력범죄현장 등(혈흔)","before"
"D:\01_사업_및_업무\디에스종합환경\AI_DATASET\안티그래피티 참고용 샘플자료\01_BLOOD_DEATH\강력범죄현장 등(혈흔)\before\KakaoTalk_20240413_141840568_20.jpg","01_BLOOD_DEATH","강력범죄현장 등(혈흔)","before"
"D:\01_사업_및_업무\디에스종합환경\AI_DATASET\안티그래피티 참고용 샘플자료\01_BLOOD_DEATH\강력범죄현장 등(혈흔)\before\KakaoTalk_20240413_141840568_11.jpg","01_BLOOD_DEATH","강력범죄현장 등(혈흔)","before"
"D:\01_사업_및_업무\디에스종합환경\AI_DATASET\안티그래피티 참고용 샘플자료\01_BLOOD_DEATH\강력범죄현장 등(혈흔)\before\KakaoTalk_20240413_141840568_16.jpg","01_BLOOD_DEATH","강력범죄현장 등(혈흔)","before"
"D:\01_사업_및_업무\디에스종합환경\AI_DATASET\안티그래피티 참고용 샘플자료\01_BLOOD_DEATH\강력범죄현장 등(혈흔)\during\KakaoTalk_20230803_075410750_23.jpg","01_BLOOD_DEATH","강력범죄현장 등(혈흔)","during"
"D:\01_사업_및_업무\디에스종합환경\AI_DATASET\안티그래피티 참고용 샘플자료\01_BLOOD_DEATH\강력범죄현장 등(혈흔)\during\KakaoTalk_20230803_075410750_15.jpg","01_BLOOD_DEATH","강력범죄현장 등(혈흔)","during"
"D:\01_사업_및_업무\디에스종합환경\AI_DATASET\안티그래피티 참고용 샘플자료\01_BLOOD_DEATH\강력범죄현장 등(혈흔)\during\KakaoTalk_20230803_075410750_21.jpg","01_BLOOD_DEATH","강력범죄현장 등(혈흔)","during"
"D:\01_사업_및_업무\디에스종합환경\AI_DATASET\안티그래피티 참고용 샘플자료\01_BLOOD_DEATH\강력범죄현장 등(혈흔)\during\KakaoTalk_20240427_154936203_12.jpg","01_BLOOD_DEATH","강력범죄현장 등(혈흔)","during"
"D:\01_사업_및_업무\디에스종합환경\AI_DATASET\안티그래피티 참고용 샘플자료\01_BLOOD_DEATH\강력범죄현장 등(혈흔)\during\KakaoTalk_20240427_154936203_13.jpg","01_BLOOD_DEATH","강력범죄현장 등(혈흔)","during"
"D:\01_사업_및_업무\디에스종합환경\AI_DATASET\안티그래피티 참고용 샘플자료\01_BLOOD_DEATH\강력범죄현장 등(혈흔)\during\KakaoTalk_20240427_154936203_14.jpg","01_BLOOD_DEATH","강력범죄현장 등(혈흔)","during"
"D:\01_사업_및_업무\디에스종합환경\AI_DATASET\안티그래피티 참고용 샘플자료\01_BLOOD_DEATH\강력범죄현장 등(혈흔)\during\KakaoTalk_20240427_154909183_25.jpg","01_BLOOD_DEATH","강력범죄현장 등(혈흔)","during"
"D:\01_사업_및_업무\디에스종합환경\AI_DATASET\안티그래피티 참고용 샘플자료\01_BLOOD_DEATH\강력범죄현장 등(혈흔)\during\KakaoTalk_20240427_154936203_10.jpg","01_BLOOD_DEATH","강력범죄현장 등(혈흔)","during"
"D:\01_사업_및_업무\디에스종합환경\AI_DATASET\안티그래피티 참고용 샘플자료\01_BLOOD_DEATH\강력범죄현장 등(혈흔)\during\KakaoTalk_20240427_154936203_11.jpg","01_BLOOD_DEATH","강력범죄현장 등(혈흔)","during"
"D:\01_사업_및_업무\디에스종합환경\AI_DATASET\안티그래피티 참고용 샘플자료\01_BLOOD_DEATH\강력범죄현장 등(혈흔)\during\KakaoTalk_20240710_133021996_23.jpg","01_BLOOD_DEATH","강력범죄현장 등(혈흔)","during"
"D:\01_사업_및_업무\디에스종합환경\AI_DATASET\안티그래피티 참고용 샘플자료\01_BLOOD_DEATH\강력범죄현장 등(혈흔)\during\KakaoTalk_20240710_133021996_24.jpg","01_BLOOD_DEATH","강력범죄현장 등(혈흔)","during"
"D:\01_사업_및_업무\디에스종합환경\AI_DATASET\안티그래피티 참고용 샘플자료\01_BLOOD_DEATH\강력범죄현장 등(혈흔)\during\KakaoTalk_20240710_133021996_26.jpg","01_BLOOD_DEATH","강력범죄현장 등(혈흔)","during"
"D:\01_사업_및_업무\디에스종합환경\AI_DATASET\안티그래피티 참고용 샘플자료\01_BLOOD_DEATH\강력범죄현장 등(혈흔)\during\KakaoTalk_20240710_133021996_27.jpg","01_BLOOD_DEATH","강력범죄현장 등(혈흔)","during"
"D:\01_사업_및_업무\디에스종합환경\AI_DATASET\안티그래피티 참고용 샘플자료\01_BLOOD_DEATH\강력범죄현장 등(혈흔)\during\KakaoTalk_20240710_133021996_13.jpg","01_BLOOD_DEATH","강력범죄현장 등(혈흔)","during"
"D:\01_사업_및_업무\디에스종합환경\AI_DATASET\안티그래피티 참고용 샘플자료\01_BLOOD_DEATH\강력범죄현장 등(혈흔)\during\KakaoTalk_20240710_133021996_14.jpg","01_BLOOD_DEATH","강력범죄현장 등(혈흔)","during"
"D:\01_사업_및_업무\디에스종합환경\AI_DATASET\안티그래피티 참고용 샘플자료\01_BLOOD_DEATH\강력범죄현장 등(혈흔)\during\KakaoTalk_20240710_133021996_15.jpg","01_BLOOD_DEATH","강력범죄현장 등(혈흔)","during"
"D:\01_사업_및_업무\디에스종합환경\AI_DATASET\안티그래피티 참고용 샘플자료\01_BLOOD_DEATH\강력범죄현장 등(혈흔)\during\KakaoTalk_20240710_133021996_20.jpg","01_BLOOD_DEATH","강력범죄현장 등(혈흔)","during"
"D:\01_사업_및_업무\디에스종합환경\AI_DATASET\안티그래피티 참고용 샘플자료\01_BLOOD_DEATH\강력범죄현장 등(혈흔)\during\KakaoTalk_20250210_092608526_13.jpg","01_BLOOD_DEATH","강력범죄현장 등(혈흔)","during"
"D:\01_사업_및_업무\디에스종합환경\AI_DATASET\안티그래피티 참고용 샘플자료\01_BLOOD_DEATH\강력범죄현장 등(혈흔)\during\KakaoTalk_20250210_092608526_14.jpg","01_BLOOD_DEATH","강력범죄현장 등(혈흔)","during"
"D:\01_사업_및_업무\디에스종합환경\AI_DATASET\안티그래피티 참고용 샘플자료\01_BLOOD_DEATH\강력범죄현장 등(혈흔)\during\KakaoTalk_20250210_092547582_25.jpg","01_BLOOD_DEATH","강력범죄현장 등(혈흔)","during"
"D:\01_사업_및_업무\디에스종합환경\AI_DATASET\안티그래피티 참고용 샘플자료\01_BLOOD_DEATH\강력범죄현장 등(혈흔)\during\KakaoTalk_20250210_092547582_27.jpg","01_BLOOD_DEATH","강력범죄현장 등(혈흔)","during"
"D:\01_사업_및_업무\디에스종합환경\AI_DATASET\안티그래피티 참고용 샘플자료\01_BLOOD_DEATH\강력범죄현장 등(혈흔)\during\KakaoTalk_20250210_092608526_01.jpg","01_BLOOD_DEATH","강력범죄현장 등(혈흔)","during"
"D:\01_사업_및_업무\디에스종합환경\AI_DATASET\안티그래피티 참고용 샘플자료\01_BLOOD_DEATH\강력범죄현장 등(혈흔)\after\AFTER_PERFEC\KakaoTalk_20240427_154936203_20.jpg","강력범죄현장 등(혈흔)","after","AFTER_PERFEC"
"D:\01_사업_및_업무\디에스종합환경\AI_DATASET\안티그래피티 참고용 샘플자료\01_BLOOD_DEATH\강력범죄현장 등(혈흔)\after\AFTER_PERFEC\KakaoTalk_20240427_154936203_21.jpg","강력범죄현장 등(혈흔)","after","AFTER_PERFEC"
"D:\01_사업_및_업무\디에스종합환경\AI_DATASET\안티그래피티 참고용 샘플자료\01_BLOOD_DEATH\강력범죄현장 등(혈흔)\after\AFTER_PERFEC\KakaoTalk_20240427_154936203_22.jpg","강력범죄현장 등(혈흔)","after","AFTER_PERFEC"
"D:\01_사업_및_업무\디에스종합환경\AI_DATASET\안티그래피티 참고용 샘플자료\01_BLOOD_DEATH\강력범죄현장 등(혈흔)\after\AFTER_PERFEC\KakaoTalk_20240427_154936203_24.jpg","강력범죄현장 등(혈흔)","after","AFTER_PERFEC"
"D:\01_사업_및_업무\디에스종합환경\AI_DATASET\안티그래피티 참고용 샘플자료\01_BLOOD_DEATH\강력범죄현장 등(혈흔)\after\AFTER_PERFEC\KakaoTalk_20240427_154938123.jpg","강력범죄현장 등(혈흔)","after","AFTER_PERFEC"
"D:\01_사업_및_업무\디에스종합환경\AI_DATASET\안티그래피티 참고용 샘플자료\01_BLOOD_DEATH\강력범죄현장 등(혈흔)\after\AFTER_PERFEC\KakaoTalk_20240427_154936203_16.jpg","강력범죄현장 등(혈흔)","after","AFTER_PERFEC"
"D:\01_사업_및_업무\디에스종합환경\AI_DATASET\안티그래피티 참고용 샘플자료\01_BLOOD_DEATH\강력범죄현장 등(혈흔)\after\AFTER_PERFEC\KakaoTalk_20240427_154936203_17.jpg","강력범죄현장 등(혈흔)","after","AFTER_PERFEC"
"D:\01_사업_및_업무\디에스종합환경\AI_DATASET\안티그래피티 참고용 샘플자료\01_BLOOD_DEATH\강력범죄현장 등(혈흔)\after\AFTER_PERFEC\KakaoTalk_20240427_154936203_18.jpg","강력범죄현장 등(혈흔)","after","AFTER_PERFEC"
"D:\01_사업_및_업무\디에스종합환경\AI_DATASET\안티그래피티 참고용 샘플자료\01_BLOOD_DEATH\강력범죄현장 등(혈흔)\after\AFTER_PERFEC\캡처1.JPG","강력범죄현장 등(혈흔)","after","AFTER_PERFEC"
"D:\01_사업_및_업무\디에스종합환경\AI_DATASET\안티그래피티 참고용 샘플자료\01_BLOOD_DEATH\강력범죄현장 등(혈흔)\after\AFTER_PERFEC\KakaoTalk_20240413_141840568_14.jpg","강력범죄현장 등(혈흔)","after","AFTER_PERFEC"
"D:\01_사업_및_업무\디에스종합환경\AI_DATASET\안티그래피티 참고용 샘플자료\01_BLOOD_DEATH\강력범죄현장 등(혈흔)\after\AFTER_PERFEC\KakaoTalk_20240413_141843826.jpg","강력범죄현장 등(혈흔)","after","AFTER_PERFEC"
"D:\01_사업_및_업무\디에스종합환경\AI_DATASET\안티그래피티 참고용 샘플자료\01_BLOOD_DEATH\강력범죄현장 등(혈흔)\after\AFTER_PERFEC\KakaoTalk_20240413_141843826_01.jpg","강력범죄현장 등(혈흔)","after","AFTER_PERFEC"
"D:\01_사업_및_업무\디에스종합환경\AI_DATASET\안티그래피티 참고용 샘플자료\01_BLOOD_DEATH\강력범죄현장 등(혈흔)\after\AFTER_PERFEC\KakaoTalk_20240413_141843826_02.jpg","강력범죄현장 등(혈흔)","after","AFTER_PERFEC"
"D:\01_사업_및_업무\디에스종합환경\AI_DATASET\안티그래피티 참고용 샘플자료\01_BLOOD_DEATH\강력범죄현장 등(혈흔)\after\AFTER_PERFEC\KakaoTalk_20240413_151013501.jpg","강력범죄현장 등(혈흔)","after","AFTER_PERFEC"
"D:\01_사업_및_업무\디에스종합환경\AI_DATASET\안티그래피티 참고용 샘플자료\01_BLOOD_DEATH\강력범죄현장 등(혈흔)\after\AFTER_STAINED\KakaoTalk_20250210_092608526_21.jpg","강력범죄현장 등(혈흔)","after","AFTER_STAINED"
"D:\01_사업_및_업무\디에스종합환경\AI_DATASET\안티그래피티 참고용 샘플자료\01_BLOOD_DEATH\강력범죄현장 등(혈흔)\after\AFTER_STAINED\KakaoTalk_20250210_092608526_11.jpg","강력범죄현장 등(혈흔)","after","AFTER_STAINED"
"D:\01_사업_및_업무\디에스종합환경\AI_DATASET\안티그래피티 참고용 샘플자료\01_BLOOD_DEATH\강력범죄현장 등(혈흔)\after\AFTER_STAINED\KakaoTalk_20250210_092608526_16.jpg","강력범죄현장 등(혈흔)","after","AFTER_STAINED"
"D:\01_사업_및_업무\디에스종합환경\AI_DATASET\안티그래피티 참고용 샘플자료\01_BLOOD_DEATH\강력범죄현장 등(혈흔)\after\AFTER_STAINED\KakaoTalk_20250210_092608526_17.jpg","강력범죄현장 등(혈흔)","after","AFTER_STAINED"
"D:\01_사업_및_업무\디에스종합환경\AI_DATASET\안티그래피티 참고용 샘플자료\01_BLOOD_DEATH\강력범죄현장 등(혈흔)\after\AFTER_STAINED\KakaoTalk_20250210_092608526_18.jpg","강력범죄현장 등(혈흔)","after","AFTER_STAINED"
"D:\01_사업_및_업무\디에스종합환경\AI_DATASET\안티그래피티 참고용 샘플자료\01_BLOOD_DEATH\강력범죄현장 등(혈흔)\after\AFTER_STAINED\KakaoTalk_20250210_092608526_19.jpg","강력범죄현장 등(혈흔)","after","AFTER_STAINED"
"D:\01_사업_및_업무\디에스종합환경\AI_DATASET\안티그래피티 참고용 샘플자료\01_BLOOD_DEATH\강력범죄현장 등(혈흔)\after\AFTER_STAINED\KakaoTalk_20250210_092608526_20.jpg","강력범죄현장 등(혈흔)","after","AFTER_STAINED"
"D:\01_사업_및_업무\디에스종합환경\AI_DATASET\안티그래피티 참고용 샘플자료\01_BLOOD_DEATH\강력범죄현장 등(혈흔)\after\AFTER_STRIPPED\KakaoTalk_20240710_133021996_29.jpg","강력범죄현장 등(혈흔)","after","AFTER_STRIPPED"
"D:\01_사업_및_업무\디에스종합환경\AI_DATASET\안티그래피티 참고용 샘플자료\01_BLOOD_DEATH\강력범죄현장 등(혈흔)\after\AFTER_STRIPPED\KakaoTalk_20240710_133027561_03.jpg","강력범죄현장 등(혈흔)","after","AFTER_STRIPPED"
"D:\01_사업_및_업무\디에스종합환경\AI_DATASET\안티그래피티 참고용 샘플자료\01_BLOOD_DEATH\강력범죄현장 등(혈흔)\after\AFTER_STRIPPED\KakaoTalk_20240710_133027561_04.jpg","강력범죄현장 등(혈흔)","after","AFTER_STRIPPED"
"D:\01_사업_및_업무\디에스종합환경\AI_DATASET\안티그래피티 참고용 샘플자료\01_BLOOD_DEATH\심각한 오염(혈흔, 부패액 아님)_\before\KakaoTalk_20221108_181104693_02.jpg","01_BLOOD_DEATH","심각한 오염(혈흔, 부패액 아님)_","before"
"D:\01_사업_및_업무\디에스종합환경\AI_DATASET\안티그래피티 참고용 샘플자료\01_BLOOD_DEATH\심각한 오염(혈흔, 부패액 아님)_\after(perfec)\KakaoTalk_20221108_182158518_04.jpg","01_BLOOD_DEATH","심각한 오염(혈흔, 부패액 아님)_","after(perfec)"
"D:\01_사업_및_업무\디에스종합환경\AI_DATASET\안티그래피티 참고용 샘플자료\03_FIRE_DAMAGE\전소\after\AFTER_STRIPPED\KakaoTalk_20240728_132548739_26.jpg","전소","after","AFTER_STRIPPED"
"D:\01_사업_및_업무\디에스종합환경\AI_DATASET\안티그래피티 참고용 샘플자료\03_FIRE_DAMAGE\전소\after\AFTER_STRIPPED\KakaoTalk_20240728_132548739_19.jpg","전소","after","AFTER_STRIPPED"
"D:\01_사업_및_업무\디에스종합환경\AI_DATASET\안티그래피티 참고용 샘플자료\03_FIRE_DAMAGE\전소\after\AFTER_STRIPPED\KakaoTalk_20240728_132548739_20.jpg","전소","after","AFTER_STRIPPED"
"D:\01_사업_및_업무\디에스종합환경\AI_DATASET\안티그래피티 참고용 샘플자료\03_FIRE_DAMAGE\전소\after\AFTER_STRIPPED\KakaoTalk_20240728_132548739_21.jpg","전소","after","AFTER_STRIPPED"
"D:\01_사업_및_업무\디에스종합환경\AI_DATASET\안티그래피티 참고용 샘플자료\03_FIRE_DAMAGE\전소\after\AFTER_STRIPPED\KakaoTalk_20240728_132548739_22.jpg","전소","after","AFTER_STRIPPED"
"D:\01_사업_및_업무\디에스종합환경\AI_DATASET\안티그래피티 참고용 샘플자료\03_FIRE_DAMAGE\전소\after\AFTER_STRIPPED\KakaoTalk_20240728_132548739_23.jpg","전소","after","AFTER_STRIPPED"
"D:\01_사업_및_업무\디에스종합환경\AI_DATASET\안티그래피티 참고용 샘플자료\03_FIRE_DAMAGE\전소\after\AFTER_STRIPPED\KakaoTalk_20240728_132548739_24.jpg","전소","after","AFTER_STRIPPED"
"D:\01_사업_및_업무\디에스종합환경\AI_DATASET\안티그래피티 참고용 샘플자료\03_FIRE_DAMAGE\전소\after\AFTER_STRIPPED\KakaoTalk_20240728_132548739_25.jpg","전소","after","AFTER_STRIPPED"
"D:\01_사업_및_업무\디에스종합환경\AI_DATASET\안티그래피티 참고용 샘플자료\03_FIRE_DAMAGE\전소\after\AFTER_STRIPPED\KakaoTalk_20241010_124958159_05.jpg","전소","after","AFTER_STRIPPED"
"D:\01_사업_및_업무\디에스종합환경\AI_DATASET\안티그래피티 참고용 샘플자료\03_FIRE_DAMAGE\전소\after\AFTER_STRIPPED\KakaoTalk_20241010_124958159_04.jpg","전소","after","AFTER_STRIPPED"
"D:\01_사업_및_업무\디에스종합환경\AI_DATASET\안티그래피티 참고용 샘플자료\03_FIRE_DAMAGE\전소\before\KakaoTalk_20240728_132548739_05.jpg","03_FIRE_DAMAGE","전소","before"
"D:\01_사업_및_업무\디에스종합환경\AI_DATASET\안티그래피티 참고용 샘플자료\03_FIRE_DAMAGE\전소\before\KakaoTalk_20240723_162440096_26.jpg","03_FIRE_DAMAGE","전소","before"
"D:\01_사업_및_업무\디에스종합환경\AI_DATASET\안티그래피티 참고용 샘플자료\03_FIRE_DAMAGE\전소\before\KakaoTalk_20240723_162440096_27.jpg","03_FIRE_DAMAGE","전소","before"
"D:\01_사업_및_업무\디에스종합환경\AI_DATASET\안티그래피티 참고용 샘플자료\03_FIRE_DAMAGE\전소\before\KakaoTalk_20240723_162440096_28.jpg","03_FIRE_DAMAGE","전소","before"
"D:\01_사업_및_업무\디에스종합환경\AI_DATASET\안티그래피티 참고용 샘플자료\03_FIRE_DAMAGE\전소\before\KakaoTalk_20240723_162440096_29.jpg","03_FIRE_DAMAGE","전소","before"
"D:\01_사업_및_업무\디에스종합환경\AI_DATASET\안티그래피티 참고용 샘플자료\03_FIRE_DAMAGE\전소\before\KakaoTalk_20240723_162454471.jpg","03_FIRE_DAMAGE","전소","before"
"D:\01_사업_및_업무\디에스종합환경\AI_DATASET\안티그래피티 참고용 샘플자료\03_FIRE_DAMAGE\전소\before\KakaoTalk_20240723_162454471_01.jpg","03_FIRE_DAMAGE","전소","before"
"D:\01_사업_및_업무\디에스종합환경\AI_DATASET\안티그래피티 참고용 샘플자료\03_FIRE_DAMAGE\전소\before\KakaoTalk_20240728_132548739.jpg","03_FIRE_DAMAGE","전소","before"
"D:\01_사업_및_업무\디에스종합환경\AI_DATASET\안티그래피티 참고용 샘플자료\03_FIRE_DAMAGE\전소\before\KakaoTalk_20240728_132548739_01.jpg","03_FIRE_DAMAGE","전소","before"
"D:\01_사업_및_업무\디에스종합환경\AI_DATASET\안티그래피티 참고용 샘플자료\03_FIRE_DAMAGE\전소\before\KakaoTalk_20240728_132548739_02.jpg","03_FIRE_DAMAGE","전소","before"
"D:\01_사업_및_업무\디에스종합환경\AI_DATASET\안티그래피티 참고용 샘플자료\03_FIRE_DAMAGE\전소\before\KakaoTalk_20240728_132548739_03.jpg","03_FIRE_DAMAGE","전소","before"
"D:\01_사업_및_업무\디에스종합환경\AI_DATASET\안티그래피티 참고용 샘플자료\03_FIRE_DAMAGE\전소\before\KakaoTalk_20240728_132548739_04.jpg","03_FIRE_DAMAGE","전소","before"
"D:\01_사업_및_업무\디에스종합환경\AI_DATASET\안티그래피티 참고용 샘플자료\03_FIRE_DAMAGE\전소\before\KakaoTalk_20241010_124946779_09.jpg","03_FIRE_DAMAGE","전소","before"
"D:\01_사업_및_업무\디에스종합환경\AI_DATASET\안티그래피티 참고용 샘플자료\03_FIRE_DAMAGE\전소\before\KakaoTalk_20241010_124946779.jpg","03_FIRE_DAMAGE","전소","before"
"D:\01_사업_및_업무\디에스종합환경\AI_DATASET\안티그래피티 참고용 샘플자료\03_FIRE_DAMAGE\전소\before\KakaoTalk_20241010_124946779_01.jpg","03_FIRE_DAMAGE","전소","before"
"D:\01_사업_및_업무\디에스종합환경\AI_DATASET\안티그래피티 참고용 샘플자료\03_FIRE_DAMAGE\전소\before\KakaoTalk_20241010_124946779_02.jpg","03_FIRE_DAMAGE","전소","before"
"D:\01_사업_및_업무\디에스종합환경\AI_DATASET\안티그래피티 참고용 샘플자료\03_FIRE_DAMAGE\전소\before\KakaoTalk_20241010_124946779_03.jpg","03_FIRE_DAMAGE","전소","before"
"D:\01_사업_및_업무\디에스종합환경\AI_DATASET\안티그래피티 참고용 샘플자료\03_FIRE_DAMAGE\전소\before\KakaoTalk_20241010_124946779_04.jpg","03_FIRE_DAMAGE","전소","before"
"D:\01_사업_및_업무\디에스종합환경\AI_DATASET\안티그래피티 참고용 샘플자료\03_FIRE_DAMAGE\전소\before\KakaoTalk_20241010_124946779_05.jpg","03_FIRE_DAMAGE","전소","before"
"D:\01_사업_및_업무\디에스종합환경\AI_DATASET\안티그래피티 참고용 샘플자료\03_FIRE_DAMAGE\전소\before\KakaoTalk_20241010_124946779_06.jpg","03_FIRE_DAMAGE","전소","before"
"D:\01_사업_및_업무\디에스종합환경\AI_DATASET\안티그래피티 참고용 샘플자료\03_FIRE_DAMAGE\전소\before\KakaoTalk_20241010_124946779_07.jpg","03_FIRE_DAMAGE","전소","before"
"D:\01_사업_및_업무\디에스종합환경\AI_DATASET\안티그래피티 참고용 샘플자료\03_FIRE_DAMAGE\전소\before\KakaoTalk_20241010_124946779_08.jpg","03_FIRE_DAMAGE","전소","before"
"D:\01_사업_및_업무\디에스종합환경\AI_DATASET\안티그래피티 참고용 샘플자료\03_FIRE_DAMAGE\전소\during\KakaoTalk_20240728_132548739_17.jpg","03_FIRE_DAMAGE","전소","during"
"D:\01_사업_및_업무\디에스종합환경\AI_DATASET\안티그래피티 참고용 샘플자료\03_FIRE_DAMAGE\전소\during\KakaoTalk_20240728_132548739_14.jpg","03_FIRE_DAMAGE","전소","during"
"D:\01_사업_및_업무\디에스종합환경\AI_DATASET\안티그래피티 참고용 샘플자료\03_FIRE_DAMAGE\전소\during\KakaoTalk_20240728_132548739_15.jpg","03_FIRE_DAMAGE","전소","during"
"D:\01_사업_및_업무\디에스종합환경\AI_DATASET\안티그래피티 참고용 샘플자료\03_FIRE_DAMAGE\전소\during\KakaoTalk_20240728_132548739_16.jpg","03_FIRE_DAMAGE","전소","during"
"D:\01_사업_및_업무\디에스종합환경\AI_DATASET\안티그래피티 참고용 샘플자료\03_FIRE_DAMAGE\전소\during\KakaoTalk_20241010_124958159_09.jpg","03_FIRE_DAMAGE","전소","during"
"D:\01_사업_및_업무\디에스종합환경\AI_DATASET\안티그래피티 참고용 샘플자료\03_FIRE_DAMAGE\그을음 및 부분화재, 소화기 및 화재분진\after\AFTER_PERFEC\KakaoTalk_20250529_225117562_24.jpg","그을음 및 부분화재, 소화기 및 화재분진","after","AFTER_PERFEC"
"D:\01_사업_및_업무\디에스종합환경\AI_DATASET\안티그래피티 참고용 샘플자료\03_FIRE_DAMAGE\그을음 및 부분화재, 소화기 및 화재분진\after\AFTER_PERFEC\KakaoTalk_20250529_225117562_16.jpg","그을음 및 부분화재, 소화기 및 화재분진","after","AFTER_PERFEC"
"D:\01_사업_및_업무\디에스종합환경\AI_DATASET\안티그래피티 참고용 샘플자료\03_FIRE_DAMAGE\그을음 및 부분화재, 소화기 및 화재분진\after\AFTER_PERFEC\KakaoTalk_20250529_225117562_17.jpg","그을음 및 부분화재, 소화기 및 화재분진","after","AFTER_PERFEC"
"D:\01_사업_및_업무\디에스종합환경\AI_DATASET\안티그래피티 참고용 샘플자료\03_FIRE_DAMAGE\그을음 및 부분화재, 소화기 및 화재분진\after\AFTER_PERFEC\KakaoTalk_20250529_225117562_18.jpg","그을음 및 부분화재, 소화기 및 화재분진","after","AFTER_PERFEC"
"D:\01_사업_및_업무\디에스종합환경\AI_DATASET\안티그래피티 참고용 샘플자료\03_FIRE_DAMAGE\그을음 및 부분화재, 소화기 및 화재분진\after\AFTER_PERFEC\KakaoTalk_20250529_225117562_19.jpg","그을음 및 부분화재, 소화기 및 화재분진","after","AFTER_PERFEC"
"D:\01_사업_및_업무\디에스종합환경\AI_DATASET\안티그래피티 참고용 샘플자료\03_FIRE_DAMAGE\그을음 및 부분화재, 소화기 및 화재분진\after\AFTER_PERFEC\KakaoTalk_20250529_225117562_20.jpg","그을음 및 부분화재, 소화기 및 화재분진","after","AFTER_PERFEC"
"D:\01_사업_및_업무\디에스종합환경\AI_DATASET\안티그래피티 참고용 샘플자료\03_FIRE_DAMAGE\그을음 및 부분화재, 소화기 및 화재분진\after\AFTER_PERFEC\KakaoTalk_20250529_225117562_21.jpg","그을음 및 부분화재, 소화기 및 화재분진","after","AFTER_PERFEC"
"D:\01_사업_및_업무\디에스종합환경\AI_DATASET\안티그래피티 참고용 샘플자료\03_FIRE_DAMAGE\그을음 및 부분화재, 소화기 및 화재분진\after\AFTER_PERFEC\KakaoTalk_20250529_225117562_22.jpg","그을음 및 부분화재, 소화기 및 화재분진","after","AFTER_PERFEC"
"D:\01_사업_및_업무\디에스종합환경\AI_DATASET\안티그래피티 참고용 샘플자료\03_FIRE_DAMAGE\그을음 및 부분화재, 소화기 및 화재분진\after\AFTER_PERFEC\KakaoTalk_20250529_225117562_23.jpg","그을음 및 부분화재, 소화기 및 화재분진","after","AFTER_PERFEC"
"D:\01_사업_및_업무\디에스종합환경\AI_DATASET\안티그래피티 참고용 샘플자료\03_FIRE_DAMAGE\그을음 및 부분화재, 소화기 및 화재분진\after\AFTER_STRIPPED\KakaoTalk_20240128_103337289_09.jpg","그을음 및 부분화재, 소화기 및 화재분진","after","AFTER_STRIPPED"
"D:\01_사업_및_업무\디에스종합환경\AI_DATASET\안티그래피티 참고용 샘플자료\03_FIRE_DAMAGE\그을음 및 부분화재, 소화기 및 화재분진\after\AFTER_STRIPPED\KakaoTalk_20240128_103337289_07.jpg","그을음 및 부분화재, 소화기 및 화재분진","after","AFTER_STRIPPED"
"D:\01_사업_및_업무\디에스종합환경\AI_DATASET\안티그래피티 참고용 샘플자료\03_FIRE_DAMAGE\그을음 및 부분화재, 소화기 및 화재분진\after\AFTER_STRIPPED\KakaoTalk_20240128_103337289_08.jpg","그을음 및 부분화재, 소화기 및 화재분진","after","AFTER_STRIPPED"
"D:\01_사업_및_업무\디에스종합환경\AI_DATASET\안티그래피티 참고용 샘플자료\03_FIRE_DAMAGE\그을음 및 부분화재, 소화기 및 화재분진\after\AFTER_STRIPPED\KakaoTalk_20240119_130951374_01.jpg","그을음 및 부분화재, 소화기 및 화재분진","after","AFTER_STRIPPED"
"D:\01_사업_및_업무\디에스종합환경\AI_DATASET\안티그래피티 참고용 샘플자료\03_FIRE_DAMAGE\그을음 및 부분화재, 소화기 및 화재분진\after\AFTER_STRIPPED\KakaoTalk_20240119_130948251_23.jpg","그을음 및 부분화재, 소화기 및 화재분진","after","AFTER_STRIPPED"
"D:\01_사업_및_업무\디에스종합환경\AI_DATASET\안티그래피티 참고용 샘플자료\03_FIRE_DAMAGE\그을음 및 부분화재, 소화기 및 화재분진\after\AFTER_STRIPPED\KakaoTalk_20240119_130948251_25.jpg","그을음 및 부분화재, 소화기 및 화재분진","after","AFTER_STRIPPED"
"D:\01_사업_및_업무\디에스종합환경\AI_DATASET\안티그래피티 참고용 샘플자료\03_FIRE_DAMAGE\그을음 및 부분화재, 소화기 및 화재분진\after\AFTER_STRIPPED\KakaoTalk_20240119_130948251_26.jpg","그을음 및 부분화재, 소화기 및 화재분진","after","AFTER_STRIPPED"
"D:\01_사업_및_업무\디에스종합환경\AI_DATASET\안티그래피티 참고용 샘플자료\03_FIRE_DAMAGE\그을음 및 부분화재, 소화기 및 화재분진\after\AFTER_STRIPPED\KakaoTalk_20240119_130948251_27.jpg","그을음 및 부분화재, 소화기 및 화재분진","after","AFTER_STRIPPED"
"D:\01_사업_및_업무\디에스종합환경\AI_DATASET\안티그래피티 참고용 샘플자료\03_FIRE_DAMAGE\그을음 및 부분화재, 소화기 및 화재분진\after\AFTER_STRIPPED\KakaoTalk_20240119_130948251_28.jpg","그을음 및 부분화재, 소화기 및 화재분진","after","AFTER_STRIPPED"
"D:\01_사업_및_업무\디에스종합환경\AI_DATASET\안티그래피티 참고용 샘플자료\03_FIRE_DAMAGE\그을음 및 부분화재, 소화기 및 화재분진\after\AFTER_STRIPPED\KakaoTalk_20240119_130948251_29.jpg","그을음 및 부분화재, 소화기 및 화재분진","after","AFTER_STRIPPED"
"D:\01_사업_및_업무\디에스종합환경\AI_DATASET\안티그래피티 참고용 샘플자료\03_FIRE_DAMAGE\그을음 및 부분화재, 소화기 및 화재분진\after\AFTER_STRIPPED\KakaoTalk_20240119_130951374.jpg","그을음 및 부분화재, 소화기 및 화재분진","after","AFTER_STRIPPED"
"D:\01_사업_및_업무\디에스종합환경\AI_DATASET\안티그래피티 참고용 샘플자료\03_FIRE_DAMAGE\그을음 및 부분화재, 소화기 및 화재분진\before\KakaoTalk_20221005_110900401_07.jpg","03_FIRE_DAMAGE","그을음 및 부분화재, 소화기 및 화재분진","before"
"D:\01_사업_및_업무\디에스종합환경\AI_DATASET\안티그래피티 참고용 샘플자료\03_FIRE_DAMAGE\그을음 및 부분화재, 소화기 및 화재분진\before\KakaoTalk_20221005_110841191.jpg","03_FIRE_DAMAGE","그을음 및 부분화재, 소화기 및 화재분진","before"
"D:\01_사업_및_업무\디에스종합환경\AI_DATASET\안티그래피티 참고용 샘플자료\03_FIRE_DAMAGE\그을음 및 부분화재, 소화기 및 화재분진\before\KakaoTalk_20221005_110841191_01.jpg","03_FIRE_DAMAGE","그을음 및 부분화재, 소화기 및 화재분진","before"
"D:\01_사업_및_업무\디에스종합환경\AI_DATASET\안티그래피티 참고용 샘플자료\03_FIRE_DAMAGE\그을음 및 부분화재, 소화기 및 화재분진\before\KakaoTalk_20221005_110841191_03.jpg","03_FIRE_DAMAGE","그을음 및 부분화재, 소화기 및 화재분진","before"
"D:\01_사업_및_업무\디에스종합환경\AI_DATASET\안티그래피티 참고용 샘플자료\03_FIRE_DAMAGE\그을음 및 부분화재, 소화기 및 화재분진\before\KakaoTalk_20221005_110841191_06.jpg","03_FIRE_DAMAGE","그을음 및 부분화재, 소화기 및 화재분진","before"
"D:\01_사업_및_업무\디에스종합환경\AI_DATASET\안티그래피티 참고용 샘플자료\03_FIRE_DAMAGE\그을음 및 부분화재, 소화기 및 화재분진\before\KakaoTalk_20221005_110841191_07.jpg","03_FIRE_DAMAGE","그을음 및 부분화재, 소화기 및 화재분진","before"
"D:\01_사업_및_업무\디에스종합환경\AI_DATASET\안티그래피티 참고용 샘플자료\03_FIRE_DAMAGE\그을음 및 부분화재, 소화기 및 화재분진\before\KakaoTalk_20221005_110841191_09.jpg","03_FIRE_DAMAGE","그을음 및 부분화재, 소화기 및 화재분진","before"
"D:\01_사업_및_업무\디에스종합환경\AI_DATASET\안티그래피티 참고용 샘플자료\03_FIRE_DAMAGE\그을음 및 부분화재, 소화기 및 화재분진\before\KakaoTalk_20221005_110841191_15.jpg","03_FIRE_DAMAGE","그을음 및 부분화재, 소화기 및 화재분진","before"
"D:\01_사업_및_업무\디에스종합환경\AI_DATASET\안티그래피티 참고용 샘플자료\03_FIRE_DAMAGE\그을음 및 부분화재, 소화기 및 화재분진\before\KakaoTalk_20221005_110841191_19.jpg","03_FIRE_DAMAGE","그을음 및 부분화재, 소화기 및 화재분진","before"
"D:\01_사업_및_업무\디에스종합환경\AI_DATASET\안티그래피티 참고용 샘플자료\03_FIRE_DAMAGE\그을음 및 부분화재, 소화기 및 화재분진\before\KakaoTalk_20221005_110841191_21.jpg","03_FIRE_DAMAGE","그을음 및 부분화재, 소화기 및 화재분진","before"
"D:\01_사업_및_업무\디에스종합환경\AI_DATASET\안티그래피티 참고용 샘플자료\03_FIRE_DAMAGE\그을음 및 부분화재, 소화기 및 화재분진\before\KakaoTalk_20221005_110841191_24.jpg","03_FIRE_DAMAGE","그을음 및 부분화재, 소화기 및 화재분진","before"
"D:\01_사업_및_업무\디에스종합환경\AI_DATASET\안티그래피티 참고용 샘플자료\03_FIRE_DAMAGE\그을음 및 부분화재, 소화기 및 화재분진\before\KakaoTalk_20240119_130948251_14.jpg","03_FIRE_DAMAGE","그을음 및 부분화재, 소화기 및 화재분진","before"
"D:\01_사업_및_업무\디에스종합환경\AI_DATASET\안티그래피티 참고용 샘플자료\03_FIRE_DAMAGE\그을음 및 부분화재, 소화기 및 화재분진\before\KakaoTalk_20240119_130923024_01.jpg","03_FIRE_DAMAGE","그을음 및 부분화재, 소화기 및 화재분진","before"
"D:\01_사업_및_업무\디에스종합환경\AI_DATASET\안티그래피티 참고용 샘플자료\03_FIRE_DAMAGE\그을음 및 부분화재, 소화기 및 화재분진\before\KakaoTalk_20240119_130923024_02.jpg","03_FIRE_DAMAGE","그을음 및 부분화재, 소화기 및 화재분진","before"
"D:\01_사업_및_업무\디에스종합환경\AI_DATASET\안티그래피티 참고용 샘플자료\03_FIRE_DAMAGE\그을음 및 부분화재, 소화기 및 화재분진\before\KakaoTalk_20240119_130923024_03.jpg","03_FIRE_DAMAGE","그을음 및 부분화재, 소화기 및 화재분진","before"
"D:\01_사업_및_업무\디에스종합환경\AI_DATASET\안티그래피티 참고용 샘플자료\03_FIRE_DAMAGE\그을음 및 부분화재, 소화기 및 화재분진\before\KakaoTalk_20240119_130923024_04.jpg","03_FIRE_DAMAGE","그을음 및 부분화재, 소화기 및 화재분진","before"
"D:\01_사업_및_업무\디에스종합환경\AI_DATASET\안티그래피티 참고용 샘플자료\03_FIRE_DAMAGE\그을음 및 부분화재, 소화기 및 화재분진\before\KakaoTalk_20240119_130923024_05.jpg","03_FIRE_DAMAGE","그을음 및 부분화재, 소화기 및 화재분진","before"
"D:\01_사업_및_업무\디에스종합환경\AI_DATASET\안티그래피티 참고용 샘플자료\03_FIRE_DAMAGE\그을음 및 부분화재, 소화기 및 화재분진\before\KakaoTalk_20240119_130923024_06.jpg","03_FIRE_DAMAGE","그을음 및 부분화재, 소화기 및 화재분진","before"
"D:\01_사업_및_업무\디에스종합환경\AI_DATASET\안티그래피티 참고용 샘플자료\03_FIRE_DAMAGE\그을음 및 부분화재, 소화기 및 화재분진\before\KakaoTalk_20240119_130923024_09.jpg","03_FIRE_DAMAGE","그을음 및 부분화재, 소화기 및 화재분진","before"
"D:\01_사업_및_업무\디에스종합환경\AI_DATASET\안티그래피티 참고용 샘플자료\03_FIRE_DAMAGE\그을음 및 부분화재, 소화기 및 화재분진\before\KakaoTalk_20240119_130948251_13.jpg","03_FIRE_DAMAGE","그을음 및 부분화재, 소화기 및 화재분진","before"
"D:\01_사업_및_업무\디에스종합환경\AI_DATASET\안티그래피티 참고용 샘플자료\03_FIRE_DAMAGE\그을음 및 부분화재, 소화기 및 화재분진\before\KakaoTalk_20240128_103326149_14.jpg","03_FIRE_DAMAGE","그을음 및 부분화재, 소화기 및 화재분진","before"
"D:\01_사업_및_업무\디에스종합환경\AI_DATASET\안티그래피티 참고용 샘플자료\03_FIRE_DAMAGE\그을음 및 부분화재, 소화기 및 화재분진\before\KakaoTalk_20240128_103326149_03.jpg","03_FIRE_DAMAGE","그을음 및 부분화재, 소화기 및 화재분진","before"
"D:\01_사업_및_업무\디에스종합환경\AI_DATASET\안티그래피티 참고용 샘플자료\03_FIRE_DAMAGE\그을음 및 부분화재, 소화기 및 화재분진\before\KakaoTalk_20240128_103326149_04.jpg","03_FIRE_DAMAGE","그을음 및 부분화재, 소화기 및 화재분진","before"
"D:\01_사업_및_업무\디에스종합환경\AI_DATASET\안티그래피티 참고용 샘플자료\03_FIRE_DAMAGE\그을음 및 부분화재, 소화기 및 화재분진\before\KakaoTalk_20240128_103326149_05.jpg","03_FIRE_DAMAGE","그을음 및 부분화재, 소화기 및 화재분진","before"
"D:\01_사업_및_업무\디에스종합환경\AI_DATASET\안티그래피티 참고용 샘플자료\03_FIRE_DAMAGE\그을음 및 부분화재, 소화기 및 화재분진\before\KakaoTalk_20240128_103326149_06.jpg","03_FIRE_DAMAGE","그을음 및 부분화재, 소화기 및 화재분진","before"
"D:\01_사업_및_업무\디에스종합환경\AI_DATASET\안티그래피티 참고용 샘플자료\03_FIRE_DAMAGE\그을음 및 부분화재, 소화기 및 화재분진\before\KakaoTalk_20240128_103326149_07.jpg","03_FIRE_DAMAGE","그을음 및 부분화재, 소화기 및 화재분진","before"
"D:\01_사업_및_업무\디에스종합환경\AI_DATASET\안티그래피티 참고용 샘플자료\03_FIRE_DAMAGE\그을음 및 부분화재, 소화기 및 화재분진\before\KakaoTalk_20240128_103326149_08.jpg","03_FIRE_DAMAGE","그을음 및 부분화재, 소화기 및 화재분진","before"
"D:\01_사업_및_업무\디에스종합환경\AI_DATASET\안티그래피티 참고용 샘플자료\03_FIRE_DAMAGE\그을음 및 부분화재, 소화기 및 화재분진\before\KakaoTalk_20240128_103326149_09.jpg","03_FIRE_DAMAGE","그을음 및 부분화재, 소화기 및 화재분진","before"
"D:\01_사업_및_업무\디에스종합환경\AI_DATASET\안티그래피티 참고용 샘플자료\03_FIRE_DAMAGE\그을음 및 부분화재, 소화기 및 화재분진\before\KakaoTalk_20240128_103326149_10.jpg","03_FIRE_DAMAGE","그을음 및 부분화재, 소화기 및 화재분진","before"
"D:\01_사업_및_업무\디에스종합환경\AI_DATASET\안티그래피티 참고용 샘플자료\03_FIRE_DAMAGE\그을음 및 부분화재, 소화기 및 화재분진\before\KakaoTalk_20240128_103326149_11.jpg","03_FIRE_DAMAGE","그을음 및 부분화재, 소화기 및 화재분진","before"
"D:\01_사업_및_업무\디에스종합환경\AI_DATASET\안티그래피티 참고용 샘플자료\03_FIRE_DAMAGE\그을음 및 부분화재, 소화기 및 화재분진\before\KakaoTalk_20240128_103326149_12.jpg","03_FIRE_DAMAGE","그을음 및 부분화재, 소화기 및 화재분진","before"
"D:\01_사업_및_업무\디에스종합환경\AI_DATASET\안티그래피티 참고용 샘플자료\03_FIRE_DAMAGE\그을음 및 부분화재, 소화기 및 화재분진\before\KakaoTalk_20240128_103326149_13.jpg","03_FIRE_DAMAGE","그을음 및 부분화재, 소화기 및 화재분진","before"
"D:\01_사업_및_업무\디에스종합환경\AI_DATASET\안티그래피티 참고용 샘플자료\03_FIRE_DAMAGE\그을음 및 부분화재, 소화기 및 화재분진\before\KakaoTalk_20240119_141031471.jpg","03_FIRE_DAMAGE","그을음 및 부분화재, 소화기 및 화재분진","before"
"D:\01_사업_및_업무\디에스종합환경\AI_DATASET\안티그래피티 참고용 샘플자료\03_FIRE_DAMAGE\그을음 및 부분화재, 소화기 및 화재분진\before\KakaoTalk_20240119_141031471_01.jpg","03_FIRE_DAMAGE","그을음 및 부분화재, 소화기 및 화재분진","before"
"D:\01_사업_및_업무\디에스종합환경\AI_DATASET\안티그래피티 참고용 샘플자료\03_FIRE_DAMAGE\그을음 및 부분화재, 소화기 및 화재분진\before\KakaoTalk_20240119_141031471_02.jpg","03_FIRE_DAMAGE","그을음 및 부분화재, 소화기 및 화재분진","before"
"D:\01_사업_및_업무\디에스종합환경\AI_DATASET\안티그래피티 참고용 샘플자료\03_FIRE_DAMAGE\그을음 및 부분화재, 소화기 및 화재분진\before\KakaoTalk_20240119_141031471_03.jpg","03_FIRE_DAMAGE","그을음 및 부분화재, 소화기 및 화재분진","before"
"D:\01_사업_및_업무\디에스종합환경\AI_DATASET\안티그래피티 참고용 샘플자료\03_FIRE_DAMAGE\그을음 및 부분화재, 소화기 및 화재분진\before\KakaoTalk_20240119_141031471_04.jpg","03_FIRE_DAMAGE","그을음 및 부분화재, 소화기 및 화재분진","before"
"D:\01_사업_및_업무\디에스종합환경\AI_DATASET\안티그래피티 참고용 샘플자료\03_FIRE_DAMAGE\그을음 및 부분화재, 소화기 및 화재분진\before\KakaoTalk_20240119_141031471_05.jpg","03_FIRE_DAMAGE","그을음 및 부분화재, 소화기 및 화재분진","before"
"D:\01_사업_및_업무\디에스종합환경\AI_DATASET\안티그래피티 참고용 샘플자료\03_FIRE_DAMAGE\그을음 및 부분화재, 소화기 및 화재분진\before\KakaoTalk_20250529_225052082_02.jpg","03_FIRE_DAMAGE","그을음 및 부분화재, 소화기 및 화재분진","before"
"D:\01_사업_및_업무\디에스종합환경\AI_DATASET\안티그래피티 참고용 샘플자료\03_FIRE_DAMAGE\그을음 및 부분화재, 소화기 및 화재분진\before\KakaoTalk_20250529_225052082_03.jpg","03_FIRE_DAMAGE","그을음 및 부분화재, 소화기 및 화재분진","before"
"D:\01_사업_및_업무\디에스종합환경\AI_DATASET\안티그래피티 참고용 샘플자료\03_FIRE_DAMAGE\그을음 및 부분화재, 소화기 및 화재분진\before\KakaoTalk_20250529_225052082_06.jpg","03_FIRE_DAMAGE","그을음 및 부분화재, 소화기 및 화재분진","before"
"D:\01_사업_및_업무\디에스종합환경\AI_DATASET\안티그래피티 참고용 샘플자료\03_FIRE_DAMAGE\그을음 및 부분화재, 소화기 및 화재분진\before\KakaoTalk_20250529_225052082_07.jpg","03_FIRE_DAMAGE","그을음 및 부분화재, 소화기 및 화재분진","before"
"D:\01_사업_및_업무\디에스종합환경\AI_DATASET\안티그래피티 참고용 샘플자료\03_FIRE_DAMAGE\그을음 및 부분화재, 소화기 및 화재분진\before\KakaoTalk_20250529_225052082_08.jpg","03_FIRE_DAMAGE","그을음 및 부분화재, 소화기 및 화재분진","before"
"D:\01_사업_및_업무\디에스종합환경\AI_DATASET\안티그래피티 참고용 샘플자료\03_FIRE_DAMAGE\그을음 및 부분화재, 소화기 및 화재분진\before\KakaoTalk_20250529_225052082_09.jpg","03_FIRE_DAMAGE","그을음 및 부분화재, 소화기 및 화재분진","before"
"D:\01_사업_및_업무\디에스종합환경\AI_DATASET\안티그래피티 참고용 샘플자료\03_FIRE_DAMAGE\그을음 및 부분화재, 소화기 및 화재분진\before\KakaoTalk_20250529_225052082_10.jpg","03_FIRE_DAMAGE","그을음 및 부분화재, 소화기 및 화재분진","before"
"D:\01_사업_및_업무\디에스종합환경\AI_DATASET\안티그래피티 참고용 샘플자료\04_ANIMAL_WASTE\배설물(인분포함)\after\AFTER_PERFEC\[회전]2.jpg","배설물(인분포함)","after","AFTER_PERFEC"
"D:\01_사업_및_업무\디에스종합환경\AI_DATASET\안티그래피티 참고용 샘플자료\04_ANIMAL_WASTE\배설물(인분포함)\after\AFTER_STAINED\KakaoTalk_20240723_162504052_07.jpg","배설물(인분포함)","after","AFTER_STAINED"
"D:\01_사업_및_업무\디에스종합환경\AI_DATASET\안티그래피티 참고용 샘플자료\04_ANIMAL_WASTE\배설물(인분포함)\after\AFTER_STAINED\KakaoTalk_20240723_162504052_05.jpg","배설물(인분포함)","after","AFTER_STAINED"
"D:\01_사업_및_업무\디에스종합환경\AI_DATASET\안티그래피티 참고용 샘플자료\04_ANIMAL_WASTE\배설물(인분포함)\before\KakaoTalk_20250914_145656128_01.jpg","04_ANIMAL_WASTE","배설물(인분포함)","before"
"D:\01_사업_및_업무\디에스종합환경\AI_DATASET\안티그래피티 참고용 샘플자료\04_ANIMAL_WASTE\배설물(인분포함)\before\KakaoTalk_20250914_145656128.jpg","04_ANIMAL_WASTE","배설물(인분포함)","before"
"D:\01_사업_및_업무\디에스종합환경\AI_DATASET\안티그래피티 참고용 샘플자료\04_ANIMAL_WASTE\배설물(인분포함)\before\[회전]17.jpg","04_ANIMAL_WASTE","배설물(인분포함)","before"
"D:\01_사업_및_업무\디에스종합환경\AI_DATASET\안티그래피티 참고용 샘플자료\04_ANIMAL_WASTE\배설물(인분포함)\before\KakaoTalk_20240723_162504052_01.jpg","04_ANIMAL_WASTE","배설물(인분포함)","before"
"D:\01_사업_및_업무\디에스종합환경\AI_DATASET\안티그래피티 참고용 샘플자료\04_ANIMAL_WASTE\배설물(인분포함)\before\KakaoTalk_20240723_162455145.mp4","04_ANIMAL_WASTE","배설물(인분포함)","before"
"D:\01_사업_및_업무\디에스종합환경\AI_DATASET\안티그래피티 참고용 샘플자료\04_ANIMAL_WASTE\배설물(인분포함)\before\KakaoTalk_20240723_162504052.jpg","04_ANIMAL_WASTE","배설물(인분포함)","before"
"D:\01_사업_및_업무\디에스종합환경\AI_DATASET\안티그래피티 참고용 샘플자료\04_ANIMAL_WASTE\배설물(인분포함)\during\KakaoTalk_20240723_162504052_04.jpg","04_ANIMAL_WASTE","배설물(인분포함)","during"
"D:\01_사업_및_업무\디에스종합환경\AI_DATASET\안티그래피티 참고용 샘플자료\04_ANIMAL_WASTE\배설물(인분포함)\during\KakaoTalk_20240723_162504052_02.jpg","04_ANIMAL_WASTE","배설물(인분포함)","during"
"D:\01_사업_및_업무\디에스종합환경\AI_DATASET\안티그래피티 참고용 샘플자료\04_ANIMAL_WASTE\배설물(인분포함)\during\KakaoTalk_20240723_162504052_03.jpg","04_ANIMAL_WASTE","배설물(인분포함)","during"
"D:\01_사업_및_업무\디에스종합환경\AI_DATASET\안티그래피티 참고용 샘플자료\02_TRASH_HOARDING\쓰레기집\after\AFTER_ORGANIZED\KakaoTalk_20240402_135637405_23.jpg","쓰레기집","after","AFTER_ORGANIZED"
"D:\01_사업_및_업무\디에스종합환경\AI_DATASET\안티그래피티 참고용 샘플자료\02_TRASH_HOARDING\쓰레기집\after\AFTER_ORGANIZED\KakaoTalk_20240402_135637405_24.jpg","쓰레기집","after","AFTER_ORGANIZED"
"D:\01_사업_및_업무\디에스종합환경\AI_DATASET\안티그래피티 참고용 샘플자료\02_TRASH_HOARDING\쓰레기집\after\AFTER_PERFEC\KakaoTalk_20230517_180653997_17.jpg","쓰레기집","after","AFTER_PERFEC"
"D:\01_사업_및_업무\디에스종합환경\AI_DATASET\안티그래피티 참고용 샘플자료\02_TRASH_HOARDING\쓰레기집\after\AFTER_PERFEC\KakaoTalk_20230517_180653997_20.jpg","쓰레기집","after","AFTER_PERFEC"
"D:\01_사업_및_업무\디에스종합환경\AI_DATASET\안티그래피티 참고용 샘플자료\02_TRASH_HOARDING\쓰레기집\after\AFTER_PERFEC\KakaoTalk_20230517_180653997_21.jpg","쓰레기집","after","AFTER_PERFEC"
"D:\01_사업_및_업무\디에스종합환경\AI_DATASET\안티그래피티 참고용 샘플자료\02_TRASH_HOARDING\쓰레기집\after\AFTER_PERFEC\KakaoTalk_20230517_180653997_22.jpg","쓰레기집","after","AFTER_PERFEC"
"D:\01_사업_및_업무\디에스종합환경\AI_DATASET\안티그래피티 참고용 샘플자료\02_TRASH_HOARDING\쓰레기집\after\AFTER_PERFEC\KakaoTalk_20230517_180653997_23.jpg","쓰레기집","after","AFTER_PERFEC"
"D:\01_사업_및_업무\디에스종합환경\AI_DATASET\안티그래피티 참고용 샘플자료\02_TRASH_HOARDING\쓰레기집\after\AFTER_PERFEC\KakaoTalk_20230517_180653997_24.jpg","쓰레기집","after","AFTER_PERFEC"
"D:\01_사업_및_업무\디에스종합환경\AI_DATASET\안티그래피티 참고용 샘플자료\02_TRASH_HOARDING\쓰레기집\after\AFTER_PERFEC\KakaoTalk_20221108_182158518_05.jpg","쓰레기집","after","AFTER_PERFEC"
"D:\01_사업_및_업무\디에스종합환경\AI_DATASET\안티그래피티 참고용 샘플자료\02_TRASH_HOARDING\쓰레기집\after\AFTER_PERFEC\KakaoTalk_20221108_182158518.jpg","쓰레기집","after","AFTER_PERFEC"
"D:\01_사업_및_업무\디에스종합환경\AI_DATASET\안티그래피티 참고용 샘플자료\02_TRASH_HOARDING\쓰레기집\after\AFTER_PERFEC\KakaoTalk_20221108_182158518_01.jpg","쓰레기집","after","AFTER_PERFEC"
"D:\01_사업_및_업무\디에스종합환경\AI_DATASET\안티그래피티 참고용 샘플자료\02_TRASH_HOARDING\쓰레기집\after\AFTER_PERFEC\KakaoTalk_20221108_182158518_02.jpg","쓰레기집","after","AFTER_PERFEC"
"D:\01_사업_및_업무\디에스종합환경\AI_DATASET\안티그래피티 참고용 샘플자료\02_TRASH_HOARDING\쓰레기집\after\AFTER_PERFEC\KakaoTalk_20221108_182158518_03.jpg","쓰레기집","after","AFTER_PERFEC"
"D:\01_사업_및_업무\디에스종합환경\AI_DATASET\안티그래피티 참고용 샘플자료\02_TRASH_HOARDING\쓰레기집\after\AFTER_PERFEC\KakaoTalk_20221108_182158518_04.jpg","쓰레기집","after","AFTER_PERFEC"
"D:\01_사업_및_업무\디에스종합환경\AI_DATASET\안티그래피티 참고용 샘플자료\02_TRASH_HOARDING\쓰레기집\after\AFTER_PERFEC\KakaoTalk_20230909_205831528_24.jpg","쓰레기집","after","AFTER_PERFEC"
"D:\01_사업_및_업무\디에스종합환경\AI_DATASET\안티그래피티 참고용 샘플자료\02_TRASH_HOARDING\쓰레기집\after\AFTER_PERFEC\KakaoTalk_20230909_205831528_25.jpg","쓰레기집","after","AFTER_PERFEC"
"D:\01_사업_및_업무\디에스종합환경\AI_DATASET\안티그래피티 참고용 샘플자료\02_TRASH_HOARDING\쓰레기집\after\AFTER_PERFEC\KakaoTalk_20230909_205831528_18.jpg","쓰레기집","after","AFTER_PERFEC"
"D:\01_사업_및_업무\디에스종합환경\AI_DATASET\안티그래피티 참고용 샘플자료\02_TRASH_HOARDING\쓰레기집\after\AFTER_PERFEC\KakaoTalk_20230909_205831528_19.jpg","쓰레기집","after","AFTER_PERFEC"
"D:\01_사업_및_업무\디에스종합환경\AI_DATASET\안티그래피티 참고용 샘플자료\02_TRASH_HOARDING\쓰레기집\after\AFTER_PERFEC\KakaoTalk_20230909_205831528_20.jpg","쓰레기집","after","AFTER_PERFEC"
"D:\01_사업_및_업무\디에스종합환경\AI_DATASET\안티그래피티 참고용 샘플자료\02_TRASH_HOARDING\쓰레기집\after\AFTER_PERFEC\KakaoTalk_20230909_205831528_21.jpg","쓰레기집","after","AFTER_PERFEC"
"D:\01_사업_및_업무\디에스종합환경\AI_DATASET\안티그래피티 참고용 샘플자료\02_TRASH_HOARDING\쓰레기집\after\AFTER_PERFEC\KakaoTalk_20230909_205831528_22.jpg","쓰레기집","after","AFTER_PERFEC"
"D:\01_사업_및_업무\디에스종합환경\AI_DATASET\안티그래피티 참고용 샘플자료\02_TRASH_HOARDING\쓰레기집\after\AFTER_STAINED\KakaoTalk_20251112_141607379_13.jpg","쓰레기집","after","AFTER_STAINED"
"D:\01_사업_및_업무\디에스종합환경\AI_DATASET\안티그래피티 참고용 샘플자료\02_TRASH_HOARDING\쓰레기집\after\AFTER_STAINED\KakaoTalk_20251112_141607379_15.jpg","쓰레기집","after","AFTER_STAINED"
"D:\01_사업_및_업무\디에스종합환경\AI_DATASET\안티그래피티 참고용 샘플자료\02_TRASH_HOARDING\쓰레기집\after\AFTER_STAINED\KakaoTalk_20251112_141607379_16.jpg","쓰레기집","after","AFTER_STAINED"
"D:\01_사업_및_업무\디에스종합환경\AI_DATASET\안티그래피티 참고용 샘플자료\02_TRASH_HOARDING\쓰레기집\after\AFTER_STAINED\KakaoTalk_20251112_141607379_17.jpg","쓰레기집","after","AFTER_STAINED"
"D:\01_사업_및_업무\디에스종합환경\AI_DATASET\안티그래피티 참고용 샘플자료\02_TRASH_HOARDING\쓰레기집\after\AFTER_STAINED\KakaoTalk_20250210_141007941_01.jpg","쓰레기집","after","AFTER_STAINED"
"D:\01_사업_및_업무\디에스종합환경\AI_DATASET\안티그래피티 참고용 샘플자료\02_TRASH_HOARDING\쓰레기집\after\AFTER_STAINED\KakaoTalk_20250210_141007941.jpg","쓰레기집","after","AFTER_STAINED"
"D:\01_사업_및_업무\디에스종합환경\AI_DATASET\안티그래피티 참고용 샘플자료\02_TRASH_HOARDING\쓰레기집\after\AFTER_STAINED\KakaoTalk_20231210_104840423_08.jpg","쓰레기집","after","AFTER_STAINED"
"D:\01_사업_및_업무\디에스종합환경\AI_DATASET\안티그래피티 참고용 샘플자료\02_TRASH_HOARDING\쓰레기집\after\AFTER_STAINED\KakaoTalk_20231210_104840423_02.jpg","쓰레기집","after","AFTER_STAINED"
"D:\01_사업_및_업무\디에스종합환경\AI_DATASET\안티그래피티 참고용 샘플자료\02_TRASH_HOARDING\쓰레기집\after\AFTER_STAINED\KakaoTalk_20231210_104840423_03.jpg","쓰레기집","after","AFTER_STAINED"
"D:\01_사업_및_업무\디에스종합환경\AI_DATASET\안티그래피티 참고용 샘플자료\02_TRASH_HOARDING\쓰레기집\after\AFTER_STAINED\KakaoTalk_20231210_104840423_04.jpg","쓰레기집","after","AFTER_STAINED"
"D:\01_사업_및_업무\디에스종합환경\AI_DATASET\안티그래피티 참고용 샘플자료\02_TRASH_HOARDING\쓰레기집\after\AFTER_STAINED\KakaoTalk_20231210_104840423_05.jpg","쓰레기집","after","AFTER_STAINED"
"D:\01_사업_및_업무\디에스종합환경\AI_DATASET\안티그래피티 참고용 샘플자료\02_TRASH_HOARDING\쓰레기집\after\AFTER_STAINED\KakaoTalk_20231210_104840423_07.jpg","쓰레기집","after","AFTER_STAINED"
"D:\01_사업_및_업무\디에스종합환경\AI_DATASET\안티그래피티 참고용 샘플자료\02_TRASH_HOARDING\쓰레기집\after\AFTER_STAINED\[회전]KakaoTalk_20250914_150016464_17.jpg","쓰레기집","after","AFTER_STAINED"
"D:\01_사업_및_업무\디에스종합환경\AI_DATASET\안티그래피티 참고용 샘플자료\02_TRASH_HOARDING\쓰레기집\after\AFTER_STAINED\[회전]1.jpg","쓰레기집","after","AFTER_STAINED"
"D:\01_사업_및_업무\디에스종합환경\AI_DATASET\안티그래피티 참고용 샘플자료\02_TRASH_HOARDING\쓰레기집\after\AFTER_STAINED\[회전]3.jpg","쓰레기집","after","AFTER_STAINED"
"D:\01_사업_및_업무\디에스종합환경\AI_DATASET\안티그래피티 참고용 샘플자료\02_TRASH_HOARDING\쓰레기집\after\AFTER_STAINED\[회전]4.jpg","쓰레기집","after","AFTER_STAINED"
"D:\01_사업_및_업무\디에스종합환경\AI_DATASET\안티그래피티 참고용 샘플자료\02_TRASH_HOARDING\쓰레기집\after\AFTER_STAINED\[회전]6.jpg","쓰레기집","after","AFTER_STAINED"
"D:\01_사업_및_업무\디에스종합환경\AI_DATASET\안티그래피티 참고용 샘플자료\02_TRASH_HOARDING\쓰레기집\after\AFTER_STAINED\[회전]7.jpg","쓰레기집","after","AFTER_STAINED"
"D:\01_사업_및_업무\디에스종합환경\AI_DATASET\안티그래피티 참고용 샘플자료\02_TRASH_HOARDING\쓰레기집\after\AFTER_STAINED\[회전]8.jpg","쓰레기집","after","AFTER_STAINED"
"D:\01_사업_및_업무\디에스종합환경\AI_DATASET\안티그래피티 참고용 샘플자료\02_TRASH_HOARDING\쓰레기집\after\AFTER_STAINED\[회전]10.jpg","쓰레기집","after","AFTER_STAINED"
"D:\01_사업_및_업무\디에스종합환경\AI_DATASET\안티그래피티 참고용 샘플자료\02_TRASH_HOARDING\쓰레기집\after\AFTER_STAINED\[회전]12.jpg","쓰레기집","after","AFTER_STAINED"
"D:\01_사업_및_업무\디에스종합환경\AI_DATASET\안티그래피티 참고용 샘플자료\02_TRASH_HOARDING\쓰레기집\after\AFTER_STAINED\[회전]13.jpg","쓰레기집","after","AFTER_STAINED"
"D:\01_사업_및_업무\디에스종합환경\AI_DATASET\안티그래피티 참고용 샘플자료\02_TRASH_HOARDING\쓰레기집\after\AFTER_STAINED\[회전]14.jpg","쓰레기집","after","AFTER_STAINED"
"D:\01_사업_및_업무\디에스종합환경\AI_DATASET\안티그래피티 참고용 샘플자료\02_TRASH_HOARDING\쓰레기집\after\AFTER_STAINED\[회전]15.jpg","쓰레기집","after","AFTER_STAINED"
"D:\01_사업_및_업무\디에스종합환경\AI_DATASET\안티그래피티 참고용 샘플자료\02_TRASH_HOARDING\쓰레기집\after\AFTER_STRIPPED\KakaoTalk_20230319_064300178_12.jpg","쓰레기집","after","AFTER_STRIPPED"
"D:\01_사업_및_업무\디에스종합환경\AI_DATASET\안티그래피티 참고용 샘플자료\02_TRASH_HOARDING\쓰레기집\after\AFTER_STRIPPED\KakaoTalk_20230319_064300178_10.jpg","쓰레기집","after","AFTER_STRIPPED"
"D:\01_사업_및_업무\디에스종합환경\AI_DATASET\안티그래피티 참고용 샘플자료\02_TRASH_HOARDING\쓰레기집\after\AFTER_STRIPPED\KakaoTalk_20230319_064300178_11.jpg","쓰레기집","after","AFTER_STRIPPED"
"D:\01_사업_및_업무\디에스종합환경\AI_DATASET\안티그래피티 참고용 샘플자료\02_TRASH_HOARDING\쓰레기집\before\KakaoTalk_20251112_141647466_02.jpg","02_TRASH_HOARDING","쓰레기집","before"
"D:\01_사업_및_업무\디에스종합환경\AI_DATASET\안티그래피티 참고용 샘플자료\02_TRASH_HOARDING\쓰레기집\before\KakaoTalk_20251112_141647466_03.jpg","02_TRASH_HOARDING","쓰레기집","before"
"D:\01_사업_및_업무\디에스종합환경\AI_DATASET\안티그래피티 참고용 샘플자료\02_TRASH_HOARDING\쓰레기집\before\KakaoTalk_20251112_141647466_04.jpg","02_TRASH_HOARDING","쓰레기집","before"
"D:\01_사업_및_업무\디에스종합환경\AI_DATASET\안티그래피티 참고용 샘플자료\02_TRASH_HOARDING\쓰레기집\before\KakaoTalk_20251112_141647466_05.jpg","02_TRASH_HOARDING","쓰레기집","before"
"D:\01_사업_및_업무\디에스종합환경\AI_DATASET\안티그래피티 참고용 샘플자료\02_TRASH_HOARDING\쓰레기집\before\KakaoTalk_20251112_141647466_06.jpg","02_TRASH_HOARDING","쓰레기집","before"
"D:\01_사업_및_업무\디에스종합환경\AI_DATASET\안티그래피티 참고용 샘플자료\02_TRASH_HOARDING\쓰레기집\before\KakaoTalk_20251112_141647466_07.jpg","02_TRASH_HOARDING","쓰레기집","before"
"D:\01_사업_및_업무\디에스종합환경\AI_DATASET\안티그래피티 참고용 샘플자료\02_TRASH_HOARDING\쓰레기집\before\KakaoTalk_20251112_141647466_08.jpg","02_TRASH_HOARDING","쓰레기집","before"
"D:\01_사업_및_업무\디에스종합환경\AI_DATASET\안티그래피티 참고용 샘플자료\02_TRASH_HOARDING\쓰레기집\before\KakaoTalk_20251112_141647466_09.jpg","02_TRASH_HOARDING","쓰레기집","before"
"D:\01_사업_및_업무\디에스종합환경\AI_DATASET\안티그래피티 참고용 샘플자료\02_TRASH_HOARDING\쓰레기집\before\KakaoTalk_20251112_141647466_10.jpg","02_TRASH_HOARDING","쓰레기집","before"
"D:\01_사업_및_업무\디에스종합환경\AI_DATASET\안티그래피티 참고용 샘플자료\02_TRASH_HOARDING\쓰레기집\before\KakaoTalk_20251112_141647466_11.jpg","02_TRASH_HOARDING","쓰레기집","before"
"D:\01_사업_및_업무\디에스종합환경\AI_DATASET\안티그래피티 참고용 샘플자료\02_TRASH_HOARDING\쓰레기집\before\KakaoTalk_20251112_141647466_12.jpg","02_TRASH_HOARDING","쓰레기집","before"
"D:\01_사업_및_업무\디에스종합환경\AI_DATASET\안티그래피티 참고용 샘플자료\02_TRASH_HOARDING\쓰레기집\before\KakaoTalk_20251112_141647466_13.jpg","02_TRASH_HOARDING","쓰레기집","before"
"D:\01_사업_및_업무\디에스종합환경\AI_DATASET\안티그래피티 참고용 샘플자료\02_TRASH_HOARDING\쓰레기집\before\KakaoTalk_20251112_141647466_14.jpg","02_TRASH_HOARDING","쓰레기집","before"
"D:\01_사업_및_업무\디에스종합환경\AI_DATASET\안티그래피티 참고용 샘플자료\02_TRASH_HOARDING\쓰레기집\before\KakaoTalk_20250321_190434308_04.jpg","02_TRASH_HOARDING","쓰레기집","before"
"D:\01_사업_및_업무\디에스종합환경\AI_DATASET\안티그래피티 참고용 샘플자료\02_TRASH_HOARDING\쓰레기집\before\KakaoTalk_20250321_190434308_05.jpg","02_TRASH_HOARDING","쓰레기집","before"
"D:\01_사업_및_업무\디에스종합환경\AI_DATASET\안티그래피티 참고용 샘플자료\02_TRASH_HOARDING\쓰레기집\before\KakaoTalk_20250321_190434308_12.jpg","02_TRASH_HOARDING","쓰레기집","before"
"D:\01_사업_및_업무\디에스종합환경\AI_DATASET\안티그래피티 참고용 샘플자료\02_TRASH_HOARDING\쓰레기집\before\KakaoTalk_20250321_190434308_17.jpg","02_TRASH_HOARDING","쓰레기집","before"
"D:\01_사업_및_업무\디에스종합환경\AI_DATASET\안티그래피티 참고용 샘플자료\02_TRASH_HOARDING\쓰레기집\before\KakaoTalk_20231210_104842847_16.jpg","02_TRASH_HOARDING","쓰레기집","before"
"D:\01_사업_및_업무\디에스종합환경\AI_DATASET\안티그래피티 참고용 샘플자료\02_TRASH_HOARDING\쓰레기집\before\KakaoTalk_20231210_104842847_17.jpg","02_TRASH_HOARDING","쓰레기집","before"
"D:\01_사업_및_업무\디에스종합환경\AI_DATASET\안티그래피티 참고용 샘플자료\02_TRASH_HOARDING\쓰레기집\before\KakaoTalk_20231210_104842847_04.jpg","02_TRASH_HOARDING","쓰레기집","before"
"D:\01_사업_및_업무\디에스종합환경\AI_DATASET\안티그래피티 참고용 샘플자료\02_TRASH_HOARDING\쓰레기집\before\KakaoTalk_20231210_104842847_05.jpg","02_TRASH_HOARDING","쓰레기집","before"
"D:\01_사업_및_업무\디에스종합환경\AI_DATASET\안티그래피티 참고용 샘플자료\02_TRASH_HOARDING\쓰레기집\before\KakaoTalk_20231210_104842847_06.jpg","02_TRASH_HOARDING","쓰레기집","before"
"D:\01_사업_및_업무\디에스종합환경\AI_DATASET\안티그래피티 참고용 샘플자료\02_TRASH_HOARDING\쓰레기집\before\KakaoTalk_20231210_104842847_07.jpg","02_TRASH_HOARDING","쓰레기집","before"
"D:\01_사업_및_업무\디에스종합환경\AI_DATASET\안티그래피티 참고용 샘플자료\02_TRASH_HOARDING\쓰레기집\before\KakaoTalk_20231210_104842847_08.jpg","02_TRASH_HOARDING","쓰레기집","before"
"D:\01_사업_및_업무\디에스종합환경\AI_DATASET\안티그래피티 참고용 샘플자료\02_TRASH_HOARDING\쓰레기집\before\KakaoTalk_20231210_104842847_09.jpg","02_TRASH_HOARDING","쓰레기집","before"
"D:\01_사업_및_업무\디에스종합환경\AI_DATASET\안티그래피티 참고용 샘플자료\02_TRASH_HOARDING\쓰레기집\before\KakaoTalk_20231210_104842847_10.jpg","02_TRASH_HOARDING","쓰레기집","before"
"D:\01_사업_및_업무\디에스종합환경\AI_DATASET\안티그래피티 참고용 샘플자료\02_TRASH_HOARDING\쓰레기집\before\KakaoTalk_20231210_104842847_11.jpg","02_TRASH_HOARDING","쓰레기집","before"
"D:\01_사업_및_업무\디에스종합환경\AI_DATASET\안티그래피티 참고용 샘플자료\02_TRASH_HOARDING\쓰레기집\before\KakaoTalk_20231210_104842847_12.jpg","02_TRASH_HOARDING","쓰레기집","before"
"D:\01_사업_및_업무\디에스종합환경\AI_DATASET\안티그래피티 참고용 샘플자료\02_TRASH_HOARDING\쓰레기집\before\KakaoTalk_20231210_104842847_13.jpg","02_TRASH_HOARDING","쓰레기집","before"
"D:\01_사업_및_업무\디에스종합환경\AI_DATASET\안티그래피티 참고용 샘플자료\02_TRASH_HOARDING\쓰레기집\before\KakaoTalk_20231210_104842847_14.jpg","02_TRASH_HOARDING","쓰레기집","before"
"D:\01_사업_및_업무\디에스종합환경\AI_DATASET\안티그래피티 참고용 샘플자료\02_TRASH_HOARDING\쓰레기집\before\KakaoTalk_20231210_104842847_15.jpg","02_TRASH_HOARDING","쓰레기집","before"
"D:\01_사업_및_업무\디에스종합환경\AI_DATASET\안티그래피티 참고용 샘플자료\02_TRASH_HOARDING\쓰레기집\before\KakaoTalk_20230517_180653997_10.jpg","02_TRASH_HOARDING","쓰레기집","before"
"D:\01_사업_및_업무\디에스종합환경\AI_DATASET\안티그래피티 참고용 샘플자료\02_TRASH_HOARDING\쓰레기집\before\KakaoTalk_20230517_180653997.jpg","02_TRASH_HOARDING","쓰레기집","before"
"D:\01_사업_및_업무\디에스종합환경\AI_DATASET\안티그래피티 참고용 샘플자료\02_TRASH_HOARDING\쓰레기집\before\KakaoTalk_20230517_180653997_01.jpg","02_TRASH_HOARDING","쓰레기집","before"
"D:\01_사업_및_업무\디에스종합환경\AI_DATASET\안티그래피티 참고용 샘플자료\02_TRASH_HOARDING\쓰레기집\before\KakaoTalk_20230517_180653997_02.jpg","02_TRASH_HOARDING","쓰레기집","before"
"D:\01_사업_및_업무\디에스종합환경\AI_DATASET\안티그래피티 참고용 샘플자료\02_TRASH_HOARDING\쓰레기집\before\KakaoTalk_20230517_180653997_03.jpg","02_TRASH_HOARDING","쓰레기집","before"
"D:\01_사업_및_업무\디에스종합환경\AI_DATASET\안티그래피티 참고용 샘플자료\02_TRASH_HOARDING\쓰레기집\before\KakaoTalk_20230517_180653997_05.jpg","02_TRASH_HOARDING","쓰레기집","before"
"D:\01_사업_및_업무\디에스종합환경\AI_DATASET\안티그래피티 참고용 샘플자료\02_TRASH_HOARDING\쓰레기집\before\KakaoTalk_20230517_180653997_06.jpg","02_TRASH_HOARDING","쓰레기집","before"
"D:\01_사업_및_업무\디에스종합환경\AI_DATASET\안티그래피티 참고용 샘플자료\02_TRASH_HOARDING\쓰레기집\before\KakaoTalk_20230517_180653997_07.jpg","02_TRASH_HOARDING","쓰레기집","before"
"D:\01_사업_및_업무\디에스종합환경\AI_DATASET\안티그래피티 참고용 샘플자료\02_TRASH_HOARDING\쓰레기집\before\KakaoTalk_20230517_180653997_08.jpg","02_TRASH_HOARDING","쓰레기집","before"
"D:\01_사업_및_업무\디에스종합환경\AI_DATASET\안티그래피티 참고용 샘플자료\02_TRASH_HOARDING\쓰레기집\before\KakaoTalk_20230517_180653997_09.jpg","02_TRASH_HOARDING","쓰레기집","before"
"D:\01_사업_및_업무\디에스종합환경\AI_DATASET\안티그래피티 참고용 샘플자료\02_TRASH_HOARDING\쓰레기집\before\KakaoTalk_20221108_181104693.jpg","02_TRASH_HOARDING","쓰레기집","before"
"D:\01_사업_및_업무\디에스종합환경\AI_DATASET\안티그래피티 참고용 샘플자료\02_TRASH_HOARDING\쓰레기집\before\KakaoTalk_20221108_181104693_01.jpg","02_TRASH_HOARDING","쓰레기집","before"
"D:\01_사업_및_업무\디에스종합환경\AI_DATASET\안티그래피티 참고용 샘플자료\02_TRASH_HOARDING\쓰레기집\before\KakaoTalk_20221108_181104693_03.jpg","02_TRASH_HOARDING","쓰레기집","before"
"D:\01_사업_및_업무\디에스종합환경\AI_DATASET\안티그래피티 참고용 샘플자료\02_TRASH_HOARDING\쓰레기집\before\KakaoTalk_20221108_181104693_04.jpg","02_TRASH_HOARDING","쓰레기집","before"
"D:\01_사업_및_업무\디에스종합환경\AI_DATASET\안티그래피티 참고용 샘플자료\02_TRASH_HOARDING\쓰레기집\before\KakaoTalk_20221108_181104693_05.jpg","02_TRASH_HOARDING","쓰레기집","before"
"D:\01_사업_및_업무\디에스종합환경\AI_DATASET\안티그래피티 참고용 샘플자료\02_TRASH_HOARDING\쓰레기집\before\KakaoTalk_20221108_181104693_06.jpg","02_TRASH_HOARDING","쓰레기집","before"
"D:\01_사업_및_업무\디에스종합환경\AI_DATASET\안티그래피티 참고용 샘플자료\02_TRASH_HOARDING\쓰레기집\before\KakaoTalk_20221108_181104693_07.jpg","02_TRASH_HOARDING","쓰레기집","before"
"D:\01_사업_및_업무\디에스종합환경\AI_DATASET\안티그래피티 참고용 샘플자료\02_TRASH_HOARDING\쓰레기집\before\KakaoTalk_20221108_181104693_08.jpg","02_TRASH_HOARDING","쓰레기집","before"
"D:\01_사업_및_업무\디에스종합환경\AI_DATASET\안티그래피티 참고용 샘플자료\02_TRASH_HOARDING\쓰레기집\before\KakaoTalk_20250914_145200852_10.jpg","02_TRASH_HOARDING","쓰레기집","before"
"D:\01_사업_및_업무\디에스종합환경\AI_DATASET\안티그래피티 참고용 샘플자료\02_TRASH_HOARDING\쓰레기집\before\[회전]1.jpg","02_TRASH_HOARDING","쓰레기집","before"
"D:\01_사업_및_업무\디에스종합환경\AI_DATASET\안티그래피티 참고용 샘플자료\02_TRASH_HOARDING\쓰레기집\before\[회전]2.jpg","02_TRASH_HOARDING","쓰레기집","before"
"D:\01_사업_및_업무\디에스종합환경\AI_DATASET\안티그래피티 참고용 샘플자료\02_TRASH_HOARDING\쓰레기집\before\[회전]3.jpg","02_TRASH_HOARDING","쓰레기집","before"
"D:\01_사업_및_업무\디에스종합환경\AI_DATASET\안티그래피티 참고용 샘플자료\02_TRASH_HOARDING\쓰레기집\before\[회전]4.jpg","02_TRASH_HOARDING","쓰레기집","before"
"D:\01_사업_및_업무\디에스종합환경\AI_DATASET\안티그래피티 참고용 샘플자료\02_TRASH_HOARDING\쓰레기집\before\[회전]5.jpg","02_TRASH_HOARDING","쓰레기집","before"
"D:\01_사업_및_업무\디에스종합환경\AI_DATASET\안티그래피티 참고용 샘플자료\02_TRASH_HOARDING\쓰레기집\before\[회전]6.jpg","02_TRASH_HOARDING","쓰레기집","before"
"D:\01_사업_및_업무\디에스종합환경\AI_DATASET\안티그래피티 참고용 샘플자료\02_TRASH_HOARDING\쓰레기집\before\[회전]7.jpg","02_TRASH_HOARDING","쓰레기집","before"
"D:\01_사업_및_업무\디에스종합환경\AI_DATASET\안티그래피티 참고용 샘플자료\02_TRASH_HOARDING\쓰레기집\before\[회전]8.jpg","02_TRASH_HOARDING","쓰레기집","before"
"D:\01_사업_및_업무\디에스종합환경\AI_DATASET\안티그래피티 참고용 샘플자료\02_TRASH_HOARDING\쓰레기집\before\[회전]9.jpg","02_TRASH_HOARDING","쓰레기집","before"
"D:\01_사업_및_업무\디에스종합환경\AI_DATASET\안티그래피티 참고용 샘플자료\02_TRASH_HOARDING\쓰레기집\before\[회전]10.jpg","02_TRASH_HOARDING","쓰레기집","before"
"D:\01_사업_및_업무\디에스종합환경\AI_DATASET\안티그래피티 참고용 샘플자료\02_TRASH_HOARDING\쓰레기집\before\[회전]11.jpg","02_TRASH_HOARDING","쓰레기집","before"
"D:\01_사업_및_업무\디에스종합환경\AI_DATASET\안티그래피티 참고용 샘플자료\02_TRASH_HOARDING\쓰레기집\before\[회전]12.jpg","02_TRASH_HOARDING","쓰레기집","before"
"D:\01_사업_및_업무\디에스종합환경\AI_DATASET\안티그래피티 참고용 샘플자료\02_TRASH_HOARDING\쓰레기집\before\[회전]13.jpg","02_TRASH_HOARDING","쓰레기집","before"
"D:\01_사업_및_업무\디에스종합환경\AI_DATASET\안티그래피티 참고용 샘플자료\02_TRASH_HOARDING\쓰레기집\before\[회전]14.jpg","02_TRASH_HOARDING","쓰레기집","before"
"D:\01_사업_및_업무\디에스종합환경\AI_DATASET\안티그래피티 참고용 샘플자료\02_TRASH_HOARDING\쓰레기집\before\[회전]15.jpg","02_TRASH_HOARDING","쓰레기집","before"
"D:\01_사업_및_업무\디에스종합환경\AI_DATASET\안티그래피티 참고용 샘플자료\02_TRASH_HOARDING\쓰레기집\before\[회전]16.jpg","02_TRASH_HOARDING","쓰레기집","before"
"D:\01_사업_및_업무\디에스종합환경\AI_DATASET\안티그래피티 참고용 샘플자료\02_TRASH_HOARDING\쓰레기집\before\KakaoTalk_20250914_145200852.jpg","02_TRASH_HOARDING","쓰레기집","before"
"D:\01_사업_및_업무\디에스종합환경\AI_DATASET\안티그래피티 참고용 샘플자료\02_TRASH_HOARDING\쓰레기집\before\KakaoTalk_20250914_145200852_02.jpg","02_TRASH_HOARDING","쓰레기집","before"
"D:\01_사업_및_업무\디에스종합환경\AI_DATASET\안티그래피티 참고용 샘플자료\02_TRASH_HOARDING\쓰레기집\before\KakaoTalk_20250914_145200852_03.jpg","02_TRASH_HOARDING","쓰레기집","before"
"D:\01_사업_및_업무\디에스종합환경\AI_DATASET\안티그래피티 참고용 샘플자료\02_TRASH_HOARDING\쓰레기집\before\KakaoTalk_20250914_145200852_06.jpg","02_TRASH_HOARDING","쓰레기집","before"
"D:\01_사업_및_업무\디에스종합환경\AI_DATASET\안티그래피티 참고용 샘플자료\02_TRASH_HOARDING\쓰레기집\before\KakaoTalk_20250914_145200852_08.jpg","02_TRASH_HOARDING","쓰레기집","before"
"D:\01_사업_및_업무\디에스종합환경\AI_DATASET\안티그래피티 참고용 샘플자료\02_TRASH_HOARDING\쓰레기집\before\KakaoTalk_20250914_145200852_09.jpg","02_TRASH_HOARDING","쓰레기집","before"
"D:\01_사업_및_업무\디에스종합환경\AI_DATASET\안티그래피티 참고용 샘플자료\02_TRASH_HOARDING\쓰레기집\before\KakaoTalk_20230319_064300178_07.jpg","02_TRASH_HOARDING","쓰레기집","before"
"D:\01_사업_및_업무\디에스종합환경\AI_DATASET\안티그래피티 참고용 샘플자료\02_TRASH_HOARDING\쓰레기집\before\KakaoTalk_20230319_064300178_08.jpg","02_TRASH_HOARDING","쓰레기집","before"
"D:\01_사업_및_업무\디에스종합환경\AI_DATASET\안티그래피티 참고용 샘플자료\02_TRASH_HOARDING\쓰레기집\before\KakaoTalk_20230319_064300178_09.jpg","02_TRASH_HOARDING","쓰레기집","before"
"D:\01_사업_및_업무\디에스종합환경\AI_DATASET\안티그래피티 참고용 샘플자료\02_TRASH_HOARDING\쓰레기집\before\KakaoTalk_20230909_205831528_12.jpg","02_TRASH_HOARDING","쓰레기집","before"
"D:\01_사업_및_업무\디에스종합환경\AI_DATASET\안티그래피티 참고용 샘플자료\02_TRASH_HOARDING\쓰레기집\before\KakaoTalk_20230909_205831528_13.jpg","02_TRASH_HOARDING","쓰레기집","before"
"D:\01_사업_및_업무\디에스종합환경\AI_DATASET\안티그래피티 참고용 샘플자료\02_TRASH_HOARDING\쓰레기집\before\KakaoTalk_20230909_205831528.jpg","02_TRASH_HOARDING","쓰레기집","before"
"D:\01_사업_및_업무\디에스종합환경\AI_DATASET\안티그래피티 참고용 샘플자료\02_TRASH_HOARDING\쓰레기집\before\KakaoTalk_20230909_205831528_01.jpg","02_TRASH_HOARDING","쓰레기집","before"
"D:\01_사업_및_업무\디에스종합환경\AI_DATASET\안티그래피티 참고용 샘플자료\02_TRASH_HOARDING\쓰레기집\before\KakaoTalk_20230909_205831528_02.jpg","02_TRASH_HOARDING","쓰레기집","before"
"D:\01_사업_및_업무\디에스종합환경\AI_DATASET\안티그래피티 참고용 샘플자료\02_TRASH_HOARDING\쓰레기집\before\KakaoTalk_20230909_205831528_03.jpg","02_TRASH_HOARDING","쓰레기집","before"
"D:\01_사업_및_업무\디에스종합환경\AI_DATASET\안티그래피티 참고용 샘플자료\02_TRASH_HOARDING\쓰레기집\before\KakaoTalk_20230909_205831528_04.jpg","02_TRASH_HOARDING","쓰레기집","before"
"D:\01_사업_및_업무\디에스종합환경\AI_DATASET\안티그래피티 참고용 샘플자료\02_TRASH_HOARDING\쓰레기집\before\KakaoTalk_20230909_205831528_05.jpg","02_TRASH_HOARDING","쓰레기집","before"
"D:\01_사업_및_업무\디에스종합환경\AI_DATASET\안티그래피티 참고용 샘플자료\02_TRASH_HOARDING\쓰레기집\before\KakaoTalk_20230909_205831528_10.jpg","02_TRASH_HOARDING","쓰레기집","before"
"D:\01_사업_및_업무\디에스종합환경\AI_DATASET\안티그래피티 참고용 샘플자료\02_TRASH_HOARDING\쓰레기집\before\KakaoTalk_20230909_205831528_11.jpg","02_TRASH_HOARDING","쓰레기집","before"
"D:\01_사업_및_업무\디에스종합환경\AI_DATASET\안티그래피티 참고용 샘플자료\02_TRASH_HOARDING\쓰레기집\during\KakaoTalk_20230517_180653997_11.jpg","02_TRASH_HOARDING","쓰레기집","during"
"D:\01_사업_및_업무\디에스종합환경\AI_DATASET\안티그래피티 참고용 샘플자료\02_TRASH_HOARDING\쓰레기집\during\KakaoTalk_20230517_180653997_12.jpg","02_TRASH_HOARDING","쓰레기집","during"
"D:\01_사업_및_업무\디에스종합환경\AI_DATASET\안티그래피티 참고용 샘플자료\02_TRASH_HOARDING\쓰레기집\during\KakaoTalk_20230517_180653997_13.jpg","02_TRASH_HOARDING","쓰레기집","during"
"D:\01_사업_및_업무\디에스종합환경\AI_DATASET\안티그래피티 참고용 샘플자료\02_TRASH_HOARDING\쓰레기집\during\KakaoTalk_20250914_145520238_12.jpg","02_TRASH_HOARDING","쓰레기집","during"
"D:\01_사업_및_업무\디에스종합환경\AI_DATASET\안티그래피티 참고용 샘플자료\02_TRASH_HOARDING\쓰레기집\during\[회전]1.jpg","02_TRASH_HOARDING","쓰레기집","during"
"D:\01_사업_및_업무\디에스종합환경\AI_DATASET\안티그래피티 참고용 샘플자료\02_TRASH_HOARDING\쓰레기집\during\[회전]2.jpg","02_TRASH_HOARDING","쓰레기집","during"
"D:\01_사업_및_업무\디에스종합환경\AI_DATASET\안티그래피티 참고용 샘플자료\02_TRASH_HOARDING\쓰레기집\during\[회전]3.jpg","02_TRASH_HOARDING","쓰레기집","during"
"D:\01_사업_및_업무\디에스종합환경\AI_DATASET\안티그래피티 참고용 샘플자료\02_TRASH_HOARDING\쓰레기집\during\[회전]4.jpg","02_TRASH_HOARDING","쓰레기집","during"
"D:\01_사업_및_업무\디에스종합환경\AI_DATASET\안티그래피티 참고용 샘플자료\02_TRASH_HOARDING\쓰레기집\during\[회전]5.jpg","02_TRASH_HOARDING","쓰레기집","during"
"D:\01_사업_및_업무\디에스종합환경\AI_DATASET\안티그래피티 참고용 샘플자료\02_TRASH_HOARDING\쓰레기집\during\[회전]7.jpg","02_TRASH_HOARDING","쓰레기집","during"
"D:\01_사업_및_업무\디에스종합환경\AI_DATASET\안티그래피티 참고용 샘플자료\02_TRASH_HOARDING\쓰레기집\during\[회전]8.jpg","02_TRASH_HOARDING","쓰레기집","during"
"D:\01_사업_및_업무\디에스종합환경\AI_DATASET\안티그래피티 참고용 샘플자료\02_TRASH_HOARDING\쓰레기집\during\[회전]9.jpg","02_TRASH_HOARDING","쓰레기집","during"
"D:\01_사업_및_업무\디에스종합환경\AI_DATASET\안티그래피티 참고용 샘플자료\02_TRASH_HOARDING\쓰레기집\during\[회전]10.jpg","02_TRASH_HOARDING","쓰레기집","during"
"D:\01_사업_및_업무\디에스종합환경\AI_DATASET\안티그래피티 참고용 샘플자료\02_TRASH_HOARDING\쓰레기집\during\[회전]11.jpg","02_TRASH_HOARDING","쓰레기집","during"
"D:\01_사업_및_업무\디에스종합환경\AI_DATASET\안티그래피티 참고용 샘플자료\02_TRASH_HOARDING\쓰레기집\during\[회전]13.jpg","02_TRASH_HOARDING","쓰레기집","during"
"D:\01_사업_및_업무\디에스종합환경\AI_DATASET\안티그래피티 참고용 샘플자료\02_TRASH_HOARDING\쓰레기집\during\[회전]14.jpg","02_TRASH_HOARDING","쓰레기집","during"
"D:\01_사업_및_업무\디에스종합환경\AI_DATASET\안티그래피티 참고용 샘플자료\02_TRASH_HOARDING\쓰레기집\during\[회전]15.jpg","02_TRASH_HOARDING","쓰레기집","during"
"D:\01_사업_및_업무\디에스종합환경\AI_DATASET\안티그래피티 참고용 샘플자료\02_TRASH_HOARDING\쓰레기집\during\[회전]KakaoTalk_20250914_145656128_15.jpg","02_TRASH_HOARDING","쓰레기집","during"
"D:\01_사업_및_업무\디에스종합환경\AI_DATASET\안티그래피티 참고용 샘플자료\02_TRASH_HOARDING\쓰레기집\during\KakaoTalk_20250914_145520238.jpg","02_TRASH_HOARDING","쓰레기집","during"
"D:\01_사업_및_업무\디에스종합환경\AI_DATASET\안티그래피티 참고용 샘플자료\02_TRASH_HOARDING\쓰레기집\during\KakaoTalk_20250914_145520238_11.jpg","02_TRASH_HOARDING","쓰레기집","during"
"D:\01_사업_및_업무\디에스종합환경\AI_DATASET\안티그래피티 참고용 샘플자료\02_TRASH_HOARDING\저장강박\after\AFTER_PERFEC\KakaoTalk_20231213_165922543_08.jpg","저장강박","after","AFTER_PERFEC"
"D:\01_사업_및_업무\디에스종합환경\AI_DATASET\안티그래피티 참고용 샘플자료\02_TRASH_HOARDING\저장강박\after\AFTER_PERFEC\KakaoTalk_20231213_165915778_22.jpg","저장강박","after","AFTER_PERFEC"
"D:\01_사업_및_업무\디에스종합환경\AI_DATASET\안티그래피티 참고용 샘플자료\02_TRASH_HOARDING\저장강박\after\AFTER_PERFEC\KakaoTalk_20231213_165915778_23.jpg","저장강박","after","AFTER_PERFEC"
"D:\01_사업_및_업무\디에스종합환경\AI_DATASET\안티그래피티 참고용 샘플자료\02_TRASH_HOARDING\저장강박\after\AFTER_PERFEC\KakaoTalk_20231213_165915778_24.jpg","저장강박","after","AFTER_PERFEC"
"D:\01_사업_및_업무\디에스종합환경\AI_DATASET\안티그래피티 참고용 샘플자료\02_TRASH_HOARDING\저장강박\after\AFTER_PERFEC\KakaoTalk_20231213_165915778_25.jpg","저장강박","after","AFTER_PERFEC"
"D:\01_사업_및_업무\디에스종합환경\AI_DATASET\안티그래피티 참고용 샘플자료\02_TRASH_HOARDING\저장강박\after\AFTER_PERFEC\KakaoTalk_20231213_165915778_26.jpg","저장강박","after","AFTER_PERFEC"
"D:\01_사업_및_업무\디에스종합환경\AI_DATASET\안티그래피티 참고용 샘플자료\02_TRASH_HOARDING\저장강박\after\AFTER_PERFEC\KakaoTalk_20231213_165915778_28.jpg","저장강박","after","AFTER_PERFEC"
"D:\01_사업_및_업무\디에스종합환경\AI_DATASET\안티그래피티 참고용 샘플자료\02_TRASH_HOARDING\저장강박\after\AFTER_PERFEC\KakaoTalk_20231213_165915778_29.jpg","저장강박","after","AFTER_PERFEC"
"D:\01_사업_및_업무\디에스종합환경\AI_DATASET\안티그래피티 참고용 샘플자료\02_TRASH_HOARDING\저장강박\after\AFTER_PERFEC\KakaoTalk_20231213_165922543_01.jpg","저장강박","after","AFTER_PERFEC"
"D:\01_사업_및_업무\디에스종합환경\AI_DATASET\안티그래피티 참고용 샘플자료\02_TRASH_HOARDING\저장강박\after\AFTER_PERFEC\KakaoTalk_20231213_165922543_03.jpg","저장강박","after","AFTER_PERFEC"
"D:\01_사업_및_업무\디에스종합환경\AI_DATASET\안티그래피티 참고용 샘플자료\02_TRASH_HOARDING\저장강박\after\AFTER_PERFEC\KakaoTalk_20231213_165922543_06.jpg","저장강박","after","AFTER_PERFEC"
"D:\01_사업_및_업무\디에스종합환경\AI_DATASET\안티그래피티 참고용 샘플자료\02_TRASH_HOARDING\저장강박\after\AFTER_STRIPPED\KakaoTalk_20240531_171034952.jpg","저장강박","after","AFTER_STRIPPED"
"D:\01_사업_및_업무\디에스종합환경\AI_DATASET\안티그래피티 참고용 샘플자료\02_TRASH_HOARDING\저장강박\after\AFTER_STRIPPED\KakaoTalk_20240531_171034952_01.jpg","저장강박","after","AFTER_STRIPPED"
"D:\01_사업_및_업무\디에스종합환경\AI_DATASET\안티그래피티 참고용 샘플자료\02_TRASH_HOARDING\저장강박\after\AFTER_STRIPPED\KakaoTalk_20240531_171034952_02.jpg","저장강박","after","AFTER_STRIPPED"
"D:\01_사업_및_업무\디에스종합환경\AI_DATASET\안티그래피티 참고용 샘플자료\02_TRASH_HOARDING\저장강박\after\AFTER_STRIPPED\KakaoTalk_20240531_171034952_03.jpg","저장강박","after","AFTER_STRIPPED"
"D:\01_사업_및_업무\디에스종합환경\AI_DATASET\안티그래피티 참고용 샘플자료\02_TRASH_HOARDING\저장강박\after\AFTER_STRIPPED\KakaoTalk_20240531_171034952_04.jpg","저장강박","after","AFTER_STRIPPED"
"D:\01_사업_및_업무\디에스종합환경\AI_DATASET\안티그래피티 참고용 샘플자료\02_TRASH_HOARDING\저장강박\after\AFTER_STRIPPED\KakaoTalk_20240531_171034952_05.jpg","저장강박","after","AFTER_STRIPPED"
"D:\01_사업_및_업무\디에스종합환경\AI_DATASET\안티그래피티 참고용 샘플자료\02_TRASH_HOARDING\저장강박\after\AFTER_STRIPPED\KakaoTalk_20240531_171034952_06.jpg","저장강박","after","AFTER_STRIPPED"
"D:\01_사업_및_업무\디에스종합환경\AI_DATASET\안티그래피티 참고용 샘플자료\02_TRASH_HOARDING\저장강박\before\KakaoTalk_20241106_153238379_06.jpg","02_TRASH_HOARDING","저장강박","before"
"D:\01_사업_및_업무\디에스종합환경\AI_DATASET\안티그래피티 참고용 샘플자료\02_TRASH_HOARDING\저장강박\before\KakaoTalk_20241106_153238379_02.jpg","02_TRASH_HOARDING","저장강박","before"
"D:\01_사업_및_업무\디에스종합환경\AI_DATASET\안티그래피티 참고용 샘플자료\02_TRASH_HOARDING\저장강박\before\KakaoTalk_20241106_153238379_03.jpg","02_TRASH_HOARDING","저장강박","before"
"D:\01_사업_및_업무\디에스종합환경\AI_DATASET\안티그래피티 참고용 샘플자료\02_TRASH_HOARDING\저장강박\before\KakaoTalk_20241106_153238379_04.jpg","02_TRASH_HOARDING","저장강박","before"
"D:\01_사업_및_업무\디에스종합환경\AI_DATASET\안티그래피티 참고용 샘플자료\02_TRASH_HOARDING\저장강박\before\KakaoTalk_20241106_153238379_05.jpg","02_TRASH_HOARDING","저장강박","before"
"D:\01_사업_및_업무\디에스종합환경\AI_DATASET\안티그래피티 참고용 샘플자료\02_TRASH_HOARDING\저장강박\before\KakaoTalk_20241106_153238379_06 - 복사본.jpg","02_TRASH_HOARDING","저장강박","before"
"D:\01_사업_및_업무\디에스종합환경\AI_DATASET\안티그래피티 참고용 샘플자료\02_TRASH_HOARDING\저장강박\before\KakaoTalk_20231213_165852723_22.jpg","02_TRASH_HOARDING","저장강박","before"
"D:\01_사업_및_업무\디에스종합환경\AI_DATASET\안티그래피티 참고용 샘플자료\02_TRASH_HOARDING\저장강박\before\KakaoTalk_20231213_165852723_03.jpg","02_TRASH_HOARDING","저장강박","before"
"D:\01_사업_및_업무\디에스종합환경\AI_DATASET\안티그래피티 참고용 샘플자료\02_TRASH_HOARDING\저장강박\before\KakaoTalk_20231213_165852723_04.jpg","02_TRASH_HOARDING","저장강박","before"
"D:\01_사업_및_업무\디에스종합환경\AI_DATASET\안티그래피티 참고용 샘플자료\02_TRASH_HOARDING\저장강박\before\KakaoTalk_20231213_165852723_05.jpg","02_TRASH_HOARDING","저장강박","before"
"D:\01_사업_및_업무\디에스종합환경\AI_DATASET\안티그래피티 참고용 샘플자료\02_TRASH_HOARDING\저장강박\before\KakaoTalk_20231213_165852723_06.jpg","02_TRASH_HOARDING","저장강박","before"
"D:\01_사업_및_업무\디에스종합환경\AI_DATASET\안티그래피티 참고용 샘플자료\02_TRASH_HOARDING\저장강박\before\KakaoTalk_20231213_165852723_07.jpg","02_TRASH_HOARDING","저장강박","before"
"D:\01_사업_및_업무\디에스종합환경\AI_DATASET\안티그래피티 참고용 샘플자료\02_TRASH_HOARDING\저장강박\before\KakaoTalk_20231213_165852723_08.jpg","02_TRASH_HOARDING","저장강박","before"
"D:\01_사업_및_업무\디에스종합환경\AI_DATASET\안티그래피티 참고용 샘플자료\02_TRASH_HOARDING\저장강박\before\KakaoTalk_20231213_165852723_09.jpg","02_TRASH_HOARDING","저장강박","before"
"D:\01_사업_및_업무\디에스종합환경\AI_DATASET\안티그래피티 참고용 샘플자료\02_TRASH_HOARDING\저장강박\before\KakaoTalk_20231213_165852723_10.jpg","02_TRASH_HOARDING","저장강박","before"
"D:\01_사업_및_업무\디에스종합환경\AI_DATASET\안티그래피티 참고용 샘플자료\02_TRASH_HOARDING\저장강박\before\KakaoTalk_20231213_165852723_11.jpg","02_TRASH_HOARDING","저장강박","before"
"D:\01_사업_및_업무\디에스종합환경\AI_DATASET\안티그래피티 참고용 샘플자료\02_TRASH_HOARDING\저장강박\before\KakaoTalk_20231213_165852723_12.jpg","02_TRASH_HOARDING","저장강박","before"
"D:\01_사업_및_업무\디에스종합환경\AI_DATASET\안티그래피티 참고용 샘플자료\02_TRASH_HOARDING\저장강박\before\KakaoTalk_20231213_165852723_13.jpg","02_TRASH_HOARDING","저장강박","before"
"D:\01_사업_및_업무\디에스종합환경\AI_DATASET\안티그래피티 참고용 샘플자료\02_TRASH_HOARDING\저장강박\before\KakaoTalk_20231213_165852723_14.jpg","02_TRASH_HOARDING","저장강박","before"
"D:\01_사업_및_업무\디에스종합환경\AI_DATASET\안티그래피티 참고용 샘플자료\02_TRASH_HOARDING\저장강박\before\KakaoTalk_20231213_165852723_15.jpg","02_TRASH_HOARDING","저장강박","before"
"D:\01_사업_및_업무\디에스종합환경\AI_DATASET\안티그래피티 참고용 샘플자료\02_TRASH_HOARDING\저장강박\before\KakaoTalk_20231213_165852723_16.jpg","02_TRASH_HOARDING","저장강박","before"
"D:\01_사업_및_업무\디에스종합환경\AI_DATASET\안티그래피티 참고용 샘플자료\02_TRASH_HOARDING\저장강박\before\KakaoTalk_20231213_165852723_17.jpg","02_TRASH_HOARDING","저장강박","before"
"D:\01_사업_및_업무\디에스종합환경\AI_DATASET\안티그래피티 참고용 샘플자료\02_TRASH_HOARDING\저장강박\before\KakaoTalk_20231213_165852723_18.jpg","02_TRASH_HOARDING","저장강박","before"
"D:\01_사업_및_업무\디에스종합환경\AI_DATASET\안티그래피티 참고용 샘플자료\02_TRASH_HOARDING\저장강박\before\KakaoTalk_20231213_165852723_19.jpg","02_TRASH_HOARDING","저장강박","before"
"D:\01_사업_및_업무\디에스종합환경\AI_DATASET\안티그래피티 참고용 샘플자료\02_TRASH_HOARDING\저장강박\before\KakaoTalk_20231213_165852723_20.jpg","02_TRASH_HOARDING","저장강박","before"
"D:\01_사업_및_업무\디에스종합환경\AI_DATASET\안티그래피티 참고용 샘플자료\02_TRASH_HOARDING\저장강박\before\KakaoTalk_20231213_165852723_21.jpg","02_TRASH_HOARDING","저장강박","before"
"D:\01_사업_및_업무\디에스종합환경\AI_DATASET\안티그래피티 참고용 샘플자료\02_TRASH_HOARDING\저장강박\before\KakaoTalk_20241126_064314785_14.jpg","02_TRASH_HOARDING","저장강박","before"
"D:\01_사업_및_업무\디에스종합환경\AI_DATASET\안티그래피티 참고용 샘플자료\02_TRASH_HOARDING\저장강박\before\KakaoTalk_20241126_064314785.jpg","02_TRASH_HOARDING","저장강박","before"
"D:\01_사업_및_업무\디에스종합환경\AI_DATASET\안티그래피티 참고용 샘플자료\02_TRASH_HOARDING\저장강박\before\KakaoTalk_20241126_064314785_01.jpg","02_TRASH_HOARDING","저장강박","before"
"D:\01_사업_및_업무\디에스종합환경\AI_DATASET\안티그래피티 참고용 샘플자료\02_TRASH_HOARDING\저장강박\before\KakaoTalk_20241126_064314785_02.jpg","02_TRASH_HOARDING","저장강박","before"
"D:\01_사업_및_업무\디에스종합환경\AI_DATASET\안티그래피티 참고용 샘플자료\02_TRASH_HOARDING\저장강박\before\KakaoTalk_20241126_064314785_03.jpg","02_TRASH_HOARDING","저장강박","before"
"D:\01_사업_및_업무\디에스종합환경\AI_DATASET\안티그래피티 참고용 샘플자료\02_TRASH_HOARDING\저장강박\before\KakaoTalk_20241126_064314785_04.jpg","02_TRASH_HOARDING","저장강박","before"
"D:\01_사업_및_업무\디에스종합환경\AI_DATASET\안티그래피티 참고용 샘플자료\02_TRASH_HOARDING\저장강박\before\KakaoTalk_20241126_064314785_05.jpg","02_TRASH_HOARDING","저장강박","before"
"D:\01_사업_및_업무\디에스종합환경\AI_DATASET\안티그래피티 참고용 샘플자료\02_TRASH_HOARDING\저장강박\before\KakaoTalk_20241126_064314785_06.jpg","02_TRASH_HOARDING","저장강박","before"
"D:\01_사업_및_업무\디에스종합환경\AI_DATASET\안티그래피티 참고용 샘플자료\02_TRASH_HOARDING\저장강박\before\KakaoTalk_20241126_064314785_07.jpg","02_TRASH_HOARDING","저장강박","before"
"D:\01_사업_및_업무\디에스종합환경\AI_DATASET\안티그래피티 참고용 샘플자료\02_TRASH_HOARDING\저장강박\before\KakaoTalk_20241126_064314785_08.jpg","02_TRASH_HOARDING","저장강박","before"
"D:\01_사업_및_업무\디에스종합환경\AI_DATASET\안티그래피티 참고용 샘플자료\02_TRASH_HOARDING\저장강박\before\KakaoTalk_20241126_064314785_09.jpg","02_TRASH_HOARDING","저장강박","before"
"D:\01_사업_및_업무\디에스종합환경\AI_DATASET\안티그래피티 참고용 샘플자료\02_TRASH_HOARDING\저장강박\before\KakaoTalk_20241126_064314785_10.jpg","02_TRASH_HOARDING","저장강박","before"
"D:\01_사업_및_업무\디에스종합환경\AI_DATASET\안티그래피티 참고용 샘플자료\02_TRASH_HOARDING\저장강박\before\KakaoTalk_20241126_064314785_11.jpg","02_TRASH_HOARDING","저장강박","before"
"D:\01_사업_및_업무\디에스종합환경\AI_DATASET\안티그래피티 참고용 샘플자료\02_TRASH_HOARDING\저장강박\before\KakaoTalk_20241126_064314785_12.jpg","02_TRASH_HOARDING","저장강박","before"
"D:\01_사업_및_업무\디에스종합환경\AI_DATASET\안티그래피티 참고용 샘플자료\02_TRASH_HOARDING\저장강박\before\KakaoTalk_20241126_064314785_13.jpg","02_TRASH_HOARDING","저장강박","before"
"D:\01_사업_및_업무\디에스종합환경\AI_DATASET\안티그래피티 참고용 샘플자료\02_TRASH_HOARDING\저장강박\during\KakaoTalk_20231213_165915778_19.jpg","02_TRASH_HOARDING","저장강박","during"
"D:\01_사업_및_업무\디에스종합환경\AI_DATASET\안티그래피티 참고용 샘플자료\02_TRASH_HOARDING\저장강박\during\KakaoTalk_20231213_165915778_07.jpg","02_TRASH_HOARDING","저장강박","during"
"D:\01_사업_및_업무\디에스종합환경\AI_DATASET\안티그래피티 참고용 샘플자료\02_TRASH_HOARDING\저장강박\during\KakaoTalk_20231213_165915778_08.jpg","02_TRASH_HOARDING","저장강박","during"
"D:\01_사업_및_업무\디에스종합환경\AI_DATASET\안티그래피티 참고용 샘플자료\02_TRASH_HOARDING\저장강박\during\KakaoTalk_20231213_165915778_09.jpg","02_TRASH_HOARDING","저장강박","during"
"D:\01_사업_및_업무\디에스종합환경\AI_DATASET\안티그래피티 참고용 샘플자료\02_TRASH_HOARDING\저장강박\during\KakaoTalk_20231213_165915778_10.jpg","02_TRASH_HOARDING","저장강박","during"
"D:\01_사업_및_업무\디에스종합환경\AI_DATASET\안티그래피티 참고용 샘플자료\02_TRASH_HOARDING\저장강박\during\KakaoTalk_20231213_165915778_11.jpg","02_TRASH_HOARDING","저장강박","during"
"D:\01_사업_및_업무\디에스종합환경\AI_DATASET\안티그래피티 참고용 샘플자료\02_TRASH_HOARDING\저장강박\during\KakaoTalk_20231213_165915778_12.jpg","02_TRASH_HOARDING","저장강박","during"
"D:\01_사업_및_업무\디에스종합환경\AI_DATASET\안티그래피티 참고용 샘플자료\02_TRASH_HOARDING\저장강박\during\KakaoTalk_20231213_165915778_13.jpg","02_TRASH_HOARDING","저장강박","during"
"D:\01_사업_및_업무\디에스종합환경\AI_DATASET\안티그래피티 참고용 샘플자료\02_TRASH_HOARDING\저장강박\during\KakaoTalk_20231213_165915778_14.jpg","02_TRASH_HOARDING","저장강박","during"
"D:\01_사업_및_업무\디에스종합환경\AI_DATASET\안티그래피티 참고용 샘플자료\02_TRASH_HOARDING\저장강박\during\KakaoTalk_20231213_165915778_15.jpg","02_TRASH_HOARDING","저장강박","during"
"D:\01_사업_및_업무\디에스종합환경\AI_DATASET\안티그래피티 참고용 샘플자료\02_TRASH_HOARDING\저장강박\during\KakaoTalk_20231213_165915778_17.jpg","02_TRASH_HOARDING","저장강박","during"
"D:\01_사업_및_업무\디에스종합환경\AI_DATASET\안티그래피티 참고용 샘플자료\02_TRASH_HOARDING\저장강박\during\KakaoTalk_20231213_165915778_18.jpg","02_TRASH_HOARDING","저장강박","during"
"D:\01_사업_및_업무\디에스종합환경\AI_DATASET\안티그래피티 참고용 샘플자료\02_TRASH_HOARDING\저장강박\during\KakaoTalk_20241126_113944102_12.jpg","02_TRASH_HOARDING","저장강박","during"
"D:\01_사업_및_업무\디에스종합환경\AI_DATASET\안티그래피티 참고용 샘플자료\02_TRASH_HOARDING\저장강박\during\KakaoTalk_20241126_113944102_13.jpg","02_TRASH_HOARDING","저장강박","during"
"D:\01_사업_및_업무\디에스종합환경\AI_DATASET\안티그래피티 참고용 샘플자료\02_TRASH_HOARDING\저장강박\during\KakaoTalk_20241126_113944102_14.jpg","02_TRASH_HOARDING","저장강박","during"
"D:\01_사업_및_업무\디에스종합환경\AI_DATASET\안티그래피티 참고용 샘플자료\02_TRASH_HOARDING\저장강박\during\KakaoTalk_20241126_113944102_05.jpg","02_TRASH_HOARDING","저장강박","during"
"D:\01_사업_및_업무\디에스종합환경\AI_DATASET\안티그래피티 참고용 샘플자료\02_TRASH_HOARDING\저장강박\during\KakaoTalk_20241126_113944102_07.jpg","02_TRASH_HOARDING","저장강박","during"
"D:\01_사업_및_업무\디에스종합환경\AI_DATASET\안티그래피티 참고용 샘플자료\02_TRASH_HOARDING\저장강박\during\KakaoTalk_20241126_113944102_09.jpg","02_TRASH_HOARDING","저장강박","during"
"D:\01_사업_및_업무\디에스종합환경\AI_DATASET\안티그래피티 참고용 샘플자료\02_TRASH_HOARDING\저장강박\during\KakaoTalk_20241126_113944102_10.jpg","02_TRASH_HOARDING","저장강박","during"
"D:\01_사업_및_업무\디에스종합환경\AI_DATASET\안티그래피티 참고용 샘플자료\02_TRASH_HOARDING\저장강박\during\KakaoTalk_20241126_113944102_11.jpg","02_TRASH_HOARDING","저장강박","during"
"D:\01_사업_및_업무\디에스종합환경\AI_DATASET\안티그래피티 참고용 샘플자료\05_EXTERIOR_CLEAN\after perfec(야외)\KakaoTalk_20241126_113944102_18.jpg","안티그래피티 참고용 샘플자료","05_EXTERIOR_CLEAN","after perfec(야외)"
"D:\01_사업_및_업무\디에스종합환경\AI_DATASET\안티그래피티 참고용 샘플자료\05_EXTERIOR_CLEAN\after perfec(야외)\KakaoTalk_20241126_113944102_19.jpg","안티그래피티 참고용 샘플자료","05_EXTERIOR_CLEAN","after perfec(야외)"
"D:\01_사업_및_업무\디에스종합환경\AI_DATASET\안티그래피티 참고용 샘플자료\05_EXTERIOR_CLEAN\after perfec(야외)\KakaoTalk_20241126_113944102_21.jpg","안티그래피티 참고용 샘플자료","05_EXTERIOR_CLEAN","after perfec(야외)"
"D:\01_사업_및_업무\디에스종합환경\AI_DATASET\안티그래피티 참고용 샘플자료\05_EXTERIOR_CLEAN\after perfec(야외)\KakaoTalk_20241126_113944102_24.jpg","안티그래피티 참고용 샘플자료","05_EXTERIOR_CLEAN","after perfec(야외)"
"D:\01_사업_및_업무\디에스종합환경\AI_DATASET\안티그래피티 참고용 샘플자료\05_EXTERIOR_CLEAN\after perfec(야외)\KakaoTalk_20241126_113944102_26.jpg","안티그래피티 참고용 샘플자료","05_EXTERIOR_CLEAN","after perfec(야외)"
"D:\01_사업_및_업무\디에스종합환경\AI_DATASET\안티그래피티 참고용 샘플자료\05_EXTERIOR_CLEAN\after perfec(야외)\KakaoTalk_20240531_171034952_10.jpg","안티그래피티 참고용 샘플자료","05_EXTERIOR_CLEAN","after perfec(야외)"
"D:\01_사업_및_업무\디에스종합환경\AI_DATASET\안티그래피티 참고용 샘플자료\05_EXTERIOR_CLEAN\after perfec(야외)\KakaoTalk_20240531_171034952_08.jpg","안티그래피티 참고용 샘플자료","05_EXTERIOR_CLEAN","after perfec(야외)"
"D:\01_사업_및_업무\디에스종합환경\AI_DATASET\안티그래피티 참고용 샘플자료\05_EXTERIOR_CLEAN\after perfec(야외)\KakaoTalk_20240531_171034952_09.jpg","안티그래피티 참고용 샘플자료","05_EXTERIOR_CLEAN","after perfec(야외)"
"D:\01_사업_및_업무\디에스종합환경\AI_DATASET\안티그래피티 참고용 샘플자료\05_EXTERIOR_CLEAN\after perfec(야외)\KakaoTalk_20240531_171034952_07.jpg","안티그래피티 참고용 샘플자료","05_EXTERIOR_CLEAN","after perfec(야외)"
"D:\01_사업_및_업무\디에스종합환경\AI_DATASET\안티그래피티 참고용 샘플자료\05_EXTERIOR_CLEAN\before(야외)\KakaoTalk_20240531_170952218.jpg","안티그래피티 참고용 샘플자료","05_EXTERIOR_CLEAN","before(야외)"
"D:\01_사업_및_업무\디에스종합환경\AI_DATASET\안티그래피티 참고용 샘플자료\05_EXTERIOR_CLEAN\before(야외)\KakaoTalk_20240531_170952218_07.jpg","안티그래피티 참고용 샘플자료","05_EXTERIOR_CLEAN","before(야외)"
